PARK NUMBER,PARK NAME,STREET ADDRESS,ZIP,ACRES,WARD,PARK CLASS,LABEL,WHEELCHAIR ACCESSIBLE BALL FIELDS,ALFRED CALDWELL LILY POND,ARCHERY RANGE,ARTIFICIAL TURF FIELDS,BAND SHELL,BASEBALL BATTING CAGES,BASKETBALL BACKBOARDS,BASKETBALL COURTS,BEACH,BOAT LAUNCH (MOTORIZED),BOAT LAUNCH (NON-MOTORIZED),BOAT SLIPS,BOCCE COURT,BOWLING GREEN,CASTING AREA,CHESS PAVILLION,FOOTBALL SOCCER COMBO,COMMUNITY GARDEN,CONSERVATORY,CULTURAL CENTER,DOG-FRIENDLY,FITNESS CENTER,FITNESS COURSES,GALLERY,GARDEN,GOLF COURSE,GOLF DRIVING RANGE,GOLF PUTTING GREENS,GYMNASIUM,GYMNASTIC CENTERS,HANDBALL/RAQUETBALL COURT,HANDBALL,HORSESHOE COURTS,ICE SKATING,POOL INDOOR,BASEBALL JR/SOFTBALL/T-BALL,MOUNTAIN BIKE TRAIL,NATURE CENTER,POOL OUTDOOR,PAVILLION,ZOO,PLAYGROUND,PLAYGROUND PARK,ROWING CLUB,VOLLEYBALL,SENIOR CENTER,SHUFFLEBOARD,SKATE PARK,SLED HILL,SPORT ROLLER COURTS,SPRAY FEATURE,BASEBALL SR,TENNIS COURTS,TRACK,VOLLEYBALL SAND,WATER PLAYGROUND,WATER SLIDE,BOXING CENTER,WETLAND AREA,LAGOON,CAROUSEL,CROQUET,GOLF COURSE MINIATURE,MODEL TRAIN DISPLAY,MODEL YACHT BASIN,CRICKET FIELD,LOCATION
1139,OHIO,4712 W OHIO ST,60644,0.42,37,MINI-PARK,Ohio,0,0,0,0,0,0,2,1,0,0,0,0,0,0,0,0,0,0,0,0,0,0,0,0,0,0,0,0,0,0,0,0,0,0,0,0,0,0,0,0,0,1,0,0,0,0,0,0,0,0,1,0,0,0,0,0,0,0,0,0,0,0,0,0,0,0,"4712 W OHIO ST60644
(41.89145773962588, -87.74324905079695)"
206,ALTGELD (JOHN),515 S WASHTENAW AVE,60612,4.32,27,COMMUNITY PARK,Altgeld,0,0,0,0,0,0,2,1,0,0,0,0,0,0,0,0,1,0,0,0,0,1,0,0,0,0,0,0,1,0,0,0,0,0,0,3,0,0,1,0,0,1,0,0,0,0,0,0,0,0,0,1,0,0,0,0,0,0,0,0,0,0,0,0,0,0,"515 S WASHTENAW AVE60612
(41.87472755936259, -87.69364670414106)"
33,RAINEY (EDWARD),4350 W 79TH ST,60652,18.31,13,REGIONAL PARK,Rainey,0,0,0,0,0,0,0,0,0,0,0,0,0,0,0,0,1,0,0,0,0,0,0,0,0,0,0,0,0,0,0,0,0,0,0,2,0,0,0,0,0,1,0,0,1,0,0,0,0,0,0,2,3,0,0,0,0,0,0,0,0,0,0,0,0,0,"4350 W 79TH ST60652
(41.749472777639994, -87.73073129753891)"
260,KELLY (EDWARD),2725 W 41ST ST,60632,7.08,12,COMMUNITY PARK,Kelly (Edward),0,0,0,0,0,0,4,2,0,0,0,0,0,0,0,0,1,0,0,0,0,0,0,0,0,0,0,0,0,0,0,0,0,0,0,3,0,0,0,0,0,1,0,0,0,0,0,0,0,0,0,1,0,0,0,0,0,0,0,0,0,0,0,0,0,0,"2725 W 41ST ST60632
(41.81925144080563, -87.6935789046583)"
59,ORIOLE,5430 N OLCOTT AVE,60656,18.57,41,REGIONAL PARK,Oriole,0,0,0,0,0,0,3,1,0,0,0,0,0,0,0,0,2,0,0,0,0,0,0,0,0,0,0,0,1,0,0,0,0,0,0,3,0,0,0,0,0,2,0,0,0,0,0,0,0,0,1,4,3,0,0,0,0,0,0,0,0,0,0,0,0,0,"5430 N OLCOTT AVE60656
(41.979752471520555, -87.81386669629548)"
1109,HUBBARD (GURDON),4950 W HUBBARD ST,60644,0.48,37,MINI-PARK,Hubbard,0,0,0,0,0,0,2,1,0,0,0,0,0,0,0,0,0,0,0,0,0,0,0,0,0,0,0,0,0,0,0,0,0,0,0,0,0,0,0,0,0,1,0,0,0,0,0,0,0,0,0,0,0,0,0,0,0,0,0,0,0,0,0,0,0,0,"4950 W HUBBARD ST60644
(41.888705639096074, -87.74927358256419)"
10,MARQUETTE (JACQUES),6734 S KEDZIE AVE,60629,322.68,0,CITYWIDE PARK,Marquette,0,0,0,1,0,0,8,3,0,0,0,0,0,0,1,0,13,0,0,0,0,0,0,0,0,1,1,0,2,0,0,0,3,0,0,2,0,0,0,0,0,2,0,0,0,0,0,0,0,0,1,0,16,1,0,0,0,0,0,1,0,0,0,0,0,0,"6734 S KEDZIE AVE60629
(41.77145233302823, -87.70305177751246)"
124,SIMONS (ALMIRA),1640 N DRAKE AVE,60647,1.02,31,COMMUNITY PARK,Simons,0,0,0,0,0,0,2,1,0,0,0,0,0,0,0,0,0,0,0,0,0,0,0,0,0,0,0,0,1,1,0,0,0,0,0,0,0,0,0,0,0,1,0,0,0,0,0,0,0,0,1,0,0,0,0,0,0,1,0,0,0,0,0,0,0,0,"1640 N DRAKE AVE60647
(41.910765224265056, -87.71501213124064)"
288,GOLDEN GATE,500 E 130TH ST,60627,5.2,9,COMMUNITY PARK,Golden Gate,0,0,0,0,0,0,4,1,0,0,0,0,0,0,0,0,0,0,0,0,0,0,0,0,0,0,0,0,0,0,0,0,0,0,0,1,0,0,0,0,0,1,0,0,0,0,0,0,0,0,1,1,0,0,0,0,0,0,0,0,0,0,0,0,0,0,500 E 130TH ST60627
65,FERNWOOD,10436 S WALLACE ST,60628,12.33,34,COMMUNITY PARK,Fernwood,0,0,0,0,0,0,4,2,0,0,0,0,0,0,0,0,1,0,0,0,0,1,0,0,0,0,0,0,1,0,0,0,0,0,1,1,0,0,0,0,0,1,0,0,0,0,0,0,0,0,1,1,4,0,0,0,0,0,0,0,0,0,0,0,0,0,"10436 S WALLACE ST60628
(41.704483995705026, -87.63796824326396)"
428,WARREN (LAURENCE),6621 N WESTERN AVE,60645,87.61,50,CITYWIDE PARK,Warren,0,0,0,0,0,1,12,4,0,0,0,0,0,0,0,0,3,0,0,0,0,0,0,0,0,1,0,1,1,0,1,0,2,1,0,3,0,0,0,0,0,3,0,0,0,0,1,0,1,0,0,2,6,0,0,0,0,0,0,0,0,1,0,0,0,0,"6621 N WESTERN AVE60645
(42.001903187081425, -87.68991553987459)"
451,SUN YAT-SEN,300 W 24TH PL,60616,0.32,1,MINI-PARK,Sun Yat-Sen,0,0,0,0,0,0,0,0,0,0,0,0,0,0,0,0,0,0,0,0,0,0,0,0,0,0,0,0,0,0,0,0,0,0,0,0,0,0,0,0,0,1,0,0,0,0,0,0,0,0,0,0,0,0,0,0,0,0,0,0,0,0,0,0,0,0,"300 W 24TH PL60616
(41.84827120012017, -87.63475430693008)"
131,CRAGIN,2611 N LOCKWOOD AVE,60639,2.8,30,NEIGHBORHOOD PARK,Cragin,0,0,0,0,0,0,0,0,0,0,0,0,0,0,0,0,1,0,0,0,0,0,0,0,0,0,0,0,0,0,0,0,0,0,0,2,0,0,0,0,0,1,0,0,0,0,0,0,0,1,1,0,2,0,0,0,0,0,0,0,0,0,0,0,0,0,"2611 N LOCKWOOD AVE60639
(41.92807626727084, -87.7586887027268)"
232,ECKERSALL (WALTER HERBERT),2430 E 82ND ST,60617,2.95,7,NEIGHBORHOOD PARK,Eckersall,0,0,0,0,0,0,2,1,0,0,0,0,0,0,0,0,0,0,0,0,0,0,0,0,0,0,0,0,0,0,0,0,0,0,0,0,0,0,0,0,0,1,0,0,0,0,0,0,0,0,0,0,0,0,0,0,0,0,0,0,0,0,0,0,0,0,"2430 E 82ND ST60617
(41.746325150537416, -87.56549178643115)"
1058,PIETROWSKI (SYLVESTER),9650 S AVENUE M,60617,0.55,10,NEIGHBORHOOD PARK,Pietrowski,0,0,0,0,0,0,2,1,0,0,0,0,0,0,0,0,0,0,0,0,0,0,0,0,0,0,0,0,0,0,0,0,0,0,0,0,0,0,0,0,0,1,0,0,0,0,0,0,0,0,0,0,0,0,0,0,0,0,0,0,0,0,0,0,0,0,"9650 S AVENUE M60617
(41.72038840136307, -87.53775699966637)"
373,"BLACKWELDER (I.S., GERTRUDE)",1800 W 115TH ST,60643,5.05,19,COMMUNITY PARK,Blackwelder,0,0,0,0,0,0,4,1,0,0,0,0,0,0,0,0,1,0,0,0,0,0,0,0,0,0,0,0,0,0,0,0,0,0,0,1,0,0,0,0,0,1,0,0,0,0,0,0,0,0,0,0,0,0,0,0,0,0,0,0,0,0,0,0,0,0,"1800 W 115TH ST60643
(41.68478426640253, -87.66639909058227)"
93,GLADSTONE (WILLIAM),5421 N MENARD AVE,60630,1.25,45,NEIGHBORHOOD PARK,Gladstone,0,0,0,0,0,0,4,1,0,0,0,0,0,0,0,0,0,0,0,0,0,0,0,0,0,0,0,0,0,0,0,0,0,0,0,1,0,0,0,0,0,1,0,0,0,0,0,0,0,0,1,0,0,0,0,0,0,0,0,0,0,0,0,0,0,0,"5421 N MENARD AVE60630
(41.979014285330436, -87.7731836878807)"
254,BEVERLY,2460 W 102ND ST,60655,13.06,19,COMMUNITY PARK,Beverly,0,0,0,0,0,0,0,0,0,0,0,0,0,0,0,0,1,0,0,0,0,0,0,0,0,0,0,0,0,0,0,0,0,0,0,4,0,0,0,0,0,1,0,0,1,0,0,0,0,0,1,1,4,0,1,0,0,0,0,0,0,0,0,0,0,0,"2460 W 102ND ST60655
(41.70826182926257, -87.6831926368982)"
201,LA FOLLETTE (ROBERT),1333 N LARAMIE AVE,60651,17.35,37,REGIONAL PARK,La Follette,0,0,0,1,0,0,2,1,0,0,0,0,0,0,0,0,1,0,0,0,0,1,0,0,0,0,0,0,1,0,0,0,0,0,1,4,0,0,0,0,0,2,0,0,0,0,0,0,0,0,0,0,3,1,0,1,0,0,0,0,0,0,0,0,0,0,"1333 N LARAMIE AVE60651
(41.90466174990119, -87.75574100187293)"
1220,LEVIN (JOHN),462 N PINE AVE,60644,5.76,37,COMMUNITY PARK,Levin,0,0,0,0,0,0,4,1,0,0,0,0,0,0,0,0,0,0,0,0,0,0,0,0,0,0,0,0,0,0,0,0,0,0,0,1,0,0,0,0,0,1,0,0,0,0,0,0,0,0,1,0,0,0,0,0,0,0,0,0,0,0,0,0,0,0,"462 N PINE AVE60644
(41.88898696426592, -87.76339047119167)"
1071,WILSON (JOHN),1122 W 34TH PL,60608,1.43,11,NEIGHBORHOOD PARK,Wilson (John),0,0,0,0,0,0,0,0,0,0,0,0,0,0,0,0,0,0,0,0,0,0,0,0,0,0,0,0,0,0,0,0,0,0,0,0,0,0,0,0,0,1,0,0,0,0,0,0,0,0,1,0,0,0,0,0,0,0,0,0,0,0,0,0,0,0,"1122 W 34TH PL60608
(41.831621507167334, -87.65398994915431)"
426,BRIGHTON,3501 S RICHMOND ST,60632,0.94,12,NEIGHBORHOOD PARK,Brighton,0,0,0,0,0,0,4,1,0,0,0,0,0,0,0,0,0,0,0,0,0,0,0,0,0,0,0,0,0,0,0,0,0,0,0,0,0,0,0,0,0,1,0,0,0,0,0,0,0,0,0,0,0,0,0,0,0,0,0,0,0,0,0,0,0,0,"3501 S RICHMOND ST60632
(41.82989607617184, -87.69841765816344)"
280,SPRUCE,1437 E 54TH ST,60615,1.08,4,NEIGHBORHOOD PARK,Spruce,0,0,0,0,0,0,0,0,0,0,0,0,0,0,0,0,0,0,0,0,0,0,0,0,0,0,0,0,0,0,0,0,0,0,0,0,0,0,0,0,0,1,0,0,0,0,0,0,0,0,0,0,0,0,0,0,0,0,0,0,0,0,0,0,0,0,"1437 E 54TH ST60615
(41.79798471680102, -87.59074419562707)"
165,INDIAN BOUNDARY,2500 W LUNT AVE,60645,13.06,50,REGIONAL PARK,Indian Boundary,0,0,0,0,0,0,0,0,0,0,0,0,0,0,0,0,0,1,0,1,0,0,0,0,0,0,0,0,0,0,0,0,0,0,0,0,0,0,0,0,1,1,0,0,1,0,0,0,0,0,1,0,4,0,0,0,0,0,0,1,0,0,0,0,0,0,"2500 W LUNT AVE60645
(42.00866637970455, -87.6922073994986)"
1036,HOYNE (THOMAS),3417 S HAMILTON AVE,60608,2.01,12,NEIGHBORHOOD PARK,Hoyne,0,0,0,0,0,0,6,1,0,0,0,0,0,0,0,0,1,0,0,0,0,0,0,0,0,0,0,0,0,0,0,0,2,0,0,1,0,0,0,0,0,1,0,0,0,0,0,0,0,0,0,0,0,0,1,0,0,0,0,0,0,0,0,0,0,0,"3417 S HAMILTON AVE60608
(41.831860596609225, -87.67891846917935)"
1001,RAINBOW BEACH,2873 E 75TH ST,60649,64.14,10,CITYWIDE PARK,Rainbow Beach,0,0,0,0,0,0,10,4,1,0,0,0,0,0,0,0,1,0,0,0,0,1,0,0,0,0,0,0,1,0,0,3,0,0,0,3,0,0,0,0,0,1,0,0,0,0,0,0,0,0,0,1,12,0,0,0,0,0,0,0,0,0,0,0,0,0,"2873 E 75TH ST60649
(41.761489999999924, -87.56871999999998)"
485,KENNICOTT (JONATHAN),4434 S LAKE PARK AVE,60653,2.5,4,COMMUNITY PARK,Kennicott,0,0,0,0,0,0,0,0,0,0,0,0,0,0,0,0,1,0,0,0,0,1,0,0,0,0,0,0,1,0,0,0,0,0,0,0,0,0,0,0,0,1,0,0,0,0,0,0,0,0,0,0,0,0,0,0,0,0,0,0,0,0,0,0,0,0,"4434 S LAKE PARK AVE60653
(41.813990680663416, -87.5968030911139)"
1033,HARDING (GEORGE),4912 S CALUMET AVE,60615,0.65,3,NEIGHBORHOOD PARK,Harding (George),0,0,0,0,0,0,1,1,0,0,0,0,0,0,0,0,0,0,0,0,0,0,0,0,0,0,0,0,0,0,0,0,0,0,0,0,0,0,0,0,0,1,0,0,0,0,0,0,0,0,0,0,0,0,1,0,0,0,0,0,0,0,0,0,0,0,"4912 S CALUMET AVE60615
(41.80544231703133, -87.61812558678079)"
275,RONAN (GEORGE),3000 W ARGYLE ST,60625,13.86,33,NEIGHBORHOOD PARK,Ronan,0,0,0,0,0,0,0,0,0,0,0,0,0,0,0,0,0,0,0,0,0,0,0,0,0,0,0,0,0,0,0,0,0,0,0,0,0,0,0,0,0,1,0,0,0,0,0,0,0,0,0,0,0,0,0,0,0,0,0,0,0,0,0,0,0,0,"3000 W ARGYLE ST60625
(41.972180578990766, -87.70386394284618)"
13,PALMER (POTTER),200 E 111TH ST,60628,40.48,9,REGIONAL PARK,Palmer,0,0,0,0,0,0,4,2,0,0,0,0,0,0,0,0,1,0,0,0,0,1,0,0,0,0,0,0,1,0,0,0,0,0,0,5,0,0,1,0,0,1,0,0,0,0,0,0,0,1,1,2,9,0,0,0,1,0,0,0,0,0,0,0,0,0,"200 E 111TH ST60628
(41.69271709407591, -87.61818119094679)"
9,HAMILTON (ALEXANDER),513 W 72ND ST,60621,29.95,17,REGIONAL PARK,Hamilton,0,0,0,0,0,0,4,2,0,0,0,0,0,0,0,0,2,0,0,1,0,0,0,0,0,0,0,0,2,0,0,2,0,0,0,4,0,0,1,0,0,1,0,0,0,0,0,0,0,0,1,2,8,0,0,0,0,0,0,0,0,0,0,0,0,0,"513 W 72ND ST60621
(41.763434745308714, -87.63746326323128)"
1132,MORGAN (THOMAS LEEDS) FIELD,11710 S MORGAN ST,60643,2.84,34,NEIGHBORHOOD PARK,Morgan Field,0,0,0,0,0,0,6,3,0,0,0,0,0,0,0,0,0,0,0,0,0,0,0,0,0,0,0,0,0,0,0,0,0,0,0,0,0,0,0,0,0,1,0,0,0,0,0,0,0,0,0,0,0,0,0,0,0,0,0,0,0,0,0,0,0,0,"11710 S MORGAN ST60643
(41.68113721674697, -87.6469446831586)"
1052,MUNROE,2617 W 105TH ST,60655,5.36,19,COMMUNITY PARK,Munroe,0,0,0,0,0,0,0,0,0,0,0,0,0,0,0,0,1,0,0,0,0,0,0,0,0,0,0,0,0,0,0,0,0,0,0,2,0,0,0,0,0,1,0,0,1,0,0,0,0,0,1,0,2,1,0,0,0,0,0,0,0,0,0,0,0,0,"2617 W 105TH ST60655
(41.702625366216125, -87.68705830121839)"
66,EUCLID,9800 S PARNELL AVE,60628,5.63,21,COMMUNITY PARK,Euclid,0,0,0,0,0,0,4,2,0,0,0,0,0,0,0,0,1,0,0,0,0,0,0,0,0,0,0,0,0,0,0,0,0,0,0,2,0,0,0,0,0,1,0,0,0,0,0,0,0,0,1,0,2,0,0,0,0,0,0,0,0,0,0,0,0,0,"9800 S PARNELL AVE60628
(41.71607792886038, -87.63706013315687)"
1053,MURRAY (DAVID),1743 W 73RD ST,60636,3.04,17,NEIGHBORHOOD PARK,Murray,0,0,0,0,0,0,2,1,0,0,0,0,0,0,0,0,1,0,0,0,0,0,0,0,0,0,0,0,0,0,0,0,0,0,0,1,0,0,0,0,0,1,0,0,0,0,0,0,0,0,1,1,0,0,0,0,0,0,0,0,0,0,0,0,0,0,"1743 W 73RD ST60636
(41.76116223710329, -87.66758737973429)"
19,JACKSON (ANDREW),6401 S STONY ISLAND AVE,60637,542.89,5,MAGNET PARK,Jackson (Andrew),0,0,0,1,0,0,8,4,2,0,1,3,0,2,0,0,4,0,0,0,0,1,0,0,2,1,1,0,1,0,0,0,0,0,0,6,0,0,0,0,0,6,0,0,0,0,0,0,0,0,0,2,24,1,0,1,0,0,0,2,0,1,0,0,0,0,"6401 S STONY ISLAND AVE60637
(41.77871315945346, -87.58634165308793)"
241,MATHER (STEPHEN TYNG),5835 N LINCOLN AVE,60659,14.06,40,REGIONAL PARK,Mather,0,0,0,0,0,0,4,2,0,0,0,0,0,0,0,0,2,0,0,0,0,0,0,0,0,0,0,0,0,0,0,0,4,0,0,4,0,0,0,0,0,1,0,0,0,0,0,0,0,0,0,1,6,0,0,0,0,0,0,0,0,0,0,0,0,0,"5835 N LINCOLN AVE60659
(41.98749492038529, -87.70239062431834)"
229,HIAWATHA,8029 W FOREST PRESERVE AVE,60634,12.08,36,COMMUNITY PARK,Hiawatha,0,0,0,0,0,0,0,0,0,0,0,0,2,0,0,0,1,0,0,0,0,1,0,0,0,0,0,0,1,0,0,0,2,0,0,1,0,0,0,0,0,1,0,0,0,0,0,0,0,1,1,4,2,0,0,0,0,0,0,0,0,0,0,0,0,0,"8029 W FOREST PRESERVE AVE60634
(41.94416740107104, -87.82730104043402)"
244,GATELY (JAMES),810 E 103RD ST,60628,25.04,8,COMMUNITY PARK,Gately,0,0,0,1,0,0,6,3,0,0,0,0,0,0,0,0,2,0,0,0,0,0,0,0,0,0,0,0,0,0,0,0,0,0,0,4,0,0,0,0,0,1,0,0,0,0,0,0,0,0,0,1,0,0,0,0,0,0,0,0,0,0,0,0,0,0,"810 E 103RD ST60628
(41.707541942177976, -87.60373417753736)"
129,AMUNDSEN (ROALD),6200 W BLOOMINGDALE AVE,60639,15.46,36,COMMUNITY PARK,Amundsen,0,0,0,0,0,0,0,0,0,0,0,0,0,0,0,0,1,0,0,0,0,1,0,0,0,0,0,0,0,0,0,0,0,0,0,4,0,0,0,0,0,1,0,0,0,0,0,0,0,0,1,1,0,0,0,0,0,0,0,0,0,0,0,0,0,0,"6200 W BLOOMINGDALE AVE60639
(41.91289757680437, -87.78068935572418)"
379,WHITE (EDWARD),1120 W 122ND ST,60643,4.59,34,NEIGHBORHOOD PARK,White (Edward),0,0,0,0,0,0,4,2,0,0,0,0,0,0,0,0,1,0,0,0,0,0,0,0,0,0,0,0,1,0,0,0,0,0,0,3,0,0,0,0,0,1,0,0,0,0,0,0,0,0,1,0,2,0,0,0,0,0,0,0,0,0,0,0,0,0,"1120 W 122ND ST60643
(41.6722893273225, -87.64989065298528)"
3,ARMOUR (PHILIP) SQUARE,3309 S SHIELDS AVE,60616,8.22,11,COMMUNITY PARK,Armour Square,0,0,0,0,0,0,0,0,0,0,0,0,0,0,0,0,1,0,0,0,0,1,0,0,0,0,0,0,2,0,0,0,0,0,0,3,0,0,1,0,0,1,0,0,1,0,0,0,0,0,1,1,2,0,1,0,0,0,0,0,0,0,0,0,0,0,"3309 S SHIELDS AVE60616
(41.83438777045396, -87.6351365401036)"
187,BRANDS,3285 N ELSTON AVE,60618,5.28,33,COMMUNITY PARK,Brands,0,0,0,0,0,0,0,1,0,0,0,0,0,0,0,0,1,0,0,0,0,0,0,0,0,0,0,0,1,0,0,0,0,0,0,2,0,0,0,0,0,1,0,0,0,0,0,0,0,0,0,1,2,0,0,0,0,0,0,0,0,0,0,0,0,0,"3285 N ELSTON AVE60618
(41.94099278508439, -87.70050716090475)"
1041,KENSINGTON,345 E 118TH ST,60628,4.88,9,NEIGHBORHOOD PARK,Kensington,0,0,0,0,0,0,2,1,0,0,0,0,0,0,0,0,1,0,0,0,0,0,0,0,0,0,0,0,0,0,0,0,1,0,0,1,0,0,0,0,0,1,0,0,0,0,0,0,0,0,1,1,0,0,1,0,0,0,0,0,0,0,0,0,0,0,"345 E 118TH ST60628
(41.67987659512123, -87.61635219604528)"
493,KELLY (JOHN),3800 N SEMINARY AVE,60613,1.32,44,PASSIVE PARK,Kelly (John),0,0,0,0,0,0,0,0,0,0,0,0,0,0,0,0,0,1,0,0,0,0,0,0,0,0,0,0,0,0,0,0,0,0,0,0,0,0,0,0,0,1,0,0,0,0,0,0,0,0,0,0,0,0,0,0,0,0,0,0,0,0,0,0,0,0,"3800 N SEMINARY AVE60613
(41.95109006650025, -87.65689178585939)"
296,DOOLEY (THOMAS),3426 W 77TH ST,60652,1.27,18,NEIGHBORHOOD PARK,Dooley,0,0,0,0,0,0,0,0,0,0,0,0,0,0,0,0,0,0,0,0,0,0,0,0,0,0,0,0,0,0,0,0,0,0,0,1,0,0,0,0,0,1,0,0,0,0,0,0,0,0,0,0,0,0,0,0,0,0,0,0,0,0,0,0,0,0,"3426 W 77TH ST60652
(41.7534225361982, -87.7084642083754)"
4,FULLER (MELVILLE),331 W 45TH ST,60609,10.5,11,COMMUNITY PARK,Fuller,0,0,0,0,0,0,6,1,0,0,0,0,0,0,0,0,1,0,0,0,0,1,0,0,0,0,0,0,2,0,0,0,0,0,0,2,0,0,1,0,0,1,0,0,0,0,0,0,0,0,1,1,2,1,0,0,0,1,0,0,0,0,0,0,0,0,"331 W 45TH ST60609
(41.81245740046775, -87.63416660754879)"
18,TULEY (MURRAY),501 E 90TH PL,60619,20.19,6,REGIONAL PARK,Tuley,0,0,0,0,0,0,4,2,0,0,0,0,0,0,0,0,1,0,0,0,0,1,0,0,0,0,0,0,1,0,0,0,0,0,0,3,0,0,1,0,0,1,0,0,0,0,0,0,0,0,1,1,13,0,0,0,0,0,0,0,0,0,0,0,0,0,"501 E 90TH PL60619
(41.73041578589959, -87.61190764960114)"
1242,SENECA,228 E CHICAGO AVE,60611,0.82,42,NEIGHBORHOOD PARK,Seneca,0,0,0,0,0,0,0,0,0,0,0,0,0,0,0,0,0,0,0,0,0,0,0,0,0,0,0,0,0,0,0,0,0,0,0,0,0,0,0,0,0,1,0,0,0,0,0,0,0,0,0,0,0,0,0,0,0,0,0,0,0,0,0,0,0,0,"228 E CHICAGO AVE60611
(41.89684581350813, -87.62164170332684)"
1061,SCHREIBER,1552 W SCHREIBER AVE,60626,1.71,40,NEIGHBORHOOD PARK,Schreiber,0,0,0,0,0,0,2,1,0,0,0,0,0,0,0,0,1,1,0,0,0,0,0,0,0,0,0,0,0,0,0,0,0,0,0,0,0,0,0,0,0,1,0,0,0,0,0,0,0,0,1,0,0,0,0,0,0,0,0,0,0,0,0,0,0,0,"1552 W SCHREIBER AVE60626
(41.999061620431576, -87.66941065141224)"
1064,TILTON (GEORGE),305 N KOSTNER,60624,0.98,0,NEIGHBORHOOD PARK,Tilton,0,0,0,0,0,0,2,1,0,0,0,0,0,0,0,0,0,0,0,0,0,0,0,0,0,0,0,0,0,0,0,0,0,0,0,0,0,0,0,0,0,1,0,0,0,0,0,0,0,0,1,0,0,0,0,0,0,0,0,0,0,0,0,0,0,0,"305 N KOSTNER60624
(41.88571687790375, -87.73552932427177)"
84,KILBOURN,3501 N KILBOURN AVE,60641,11.93,35,COMMUNITY PARK,Kilbourn,0,0,0,1,0,0,4,1,0,0,0,0,0,0,0,0,1,0,0,0,0,0,0,0,1,0,0,0,1,0,0,0,0,0,0,2,0,0,0,0,0,1,0,0,0,0,0,0,0,0,0,1,4,1,0,0,0,0,0,0,0,0,0,0,0,0,"3501 N KILBOURN AVE60641
(41.94441192501492, -87.73957059127865)"
1048,MEMORIAL,149 W 73RD ST,60621,2.69,6,NEIGHBORHOOD PARK,Memorial,0,0,0,0,0,0,2,1,0,0,0,0,0,0,0,0,1,0,0,0,0,0,0,0,0,0,0,0,0,0,0,0,0,0,0,1,0,0,0,0,0,1,0,0,0,0,0,0,0,0,0,0,0,0,0,0,0,0,0,0,0,0,0,0,0,0,"149 W 73RD ST60621
(41.76175531219116, -87.62863768165641)"
245,WEST LAWN,4233 W 65TH ST,60629,16.73,13,REGIONAL PARK,West Lawn,0,0,0,0,0,1,0,0,0,0,0,0,0,0,0,0,1,0,0,0,0,1,0,0,0,0,0,0,1,0,0,0,0,1,0,2,0,0,0,0,0,1,0,0,0,0,0,0,0,0,1,2,0,0,0,0,0,0,0,0,0,0,0,0,0,0,"4233 W 65TH ST60629
(41.77486846672091, -87.7283393427522)"
554,PARK NO. 554,1805 N ALBANY AVE,60647,0.44,26,UNIMPROVED PARK,Park No. 554,0,0,0,0,0,0,0,0,0,0,0,0,0,0,0,0,0,0,0,0,0,0,0,0,0,0,0,0,0,0,0,0,0,0,0,0,0,0,0,0,0,1,0,0,0,0,0,0,0,0,0,0,0,0,0,0,0,0,0,0,0,0,0,0,0,0,"1805 N ALBANY AVE60647
(41.91391294723866, -87.70517328492383)"
57,MONUMENT,6700 N AVONDALE AVE,60631,0.98,41,NEIGHBORHOOD PARK,Monument,0,0,0,0,0,0,0,0,0,0,0,0,0,0,0,0,0,0,0,0,0,0,0,0,0,0,0,0,0,0,0,0,0,0,0,0,0,0,0,0,0,1,0,0,0,0,0,0,0,0,0,0,0,0,0,0,0,0,0,0,0,0,0,0,0,0,"6700 N AVONDALE AVE60631
(42.00240623492181, -87.81850584705626)"
1068,WAGNER (CLARENCE),948 W 51ST ST,60609,0.93,11,NEIGHBORHOOD PARK,Wagner,0,0,0,0,0,0,0,0,0,0,0,0,0,0,0,0,0,0,0,0,0,0,0,0,0,0,0,0,0,0,0,0,0,0,0,0,0,0,0,0,0,1,0,0,0,0,0,0,0,0,1,0,0,0,0,0,0,0,0,0,0,0,0,0,0,0,"948 W 51ST ST60609
(41.80158755973838, -87.64895563253063)"
1030,FOSCO (PETER),1313 S THROOP ST,60608,3.33,1,NEIGHBORHOOD PARK,Fosco,0,0,0,0,0,0,0,0,0,0,0,0,0,0,0,0,0,0,0,0,0,1,0,0,0,0,0,0,1,0,0,0,0,0,1,0,0,0,0,0,0,2,0,0,0,0,0,0,0,0,0,0,0,0,0,1,0,0,0,0,0,0,0,0,0,0,"1313 S THROOP ST60608
(41.86477993410835, -87.65877142270114)"
148,SHABBONA,6935 W ADDISON,60634,18.59,36,REGIONAL PARK,Shabbona,0,0,0,0,0,0,2,1,0,0,0,0,0,0,0,0,1,0,0,0,0,1,0,0,0,0,0,0,1,1,0,0,2,0,1,4,0,0,0,0,0,1,0,0,0,0,0,0,0,0,1,1,5,0,0,0,0,0,0,0,0,0,0,0,0,0,"6935 W ADDISON60634
(41.94534958225733, -87.79940650909089)"
264,BOGAN (WILLIAM),3939 W 79TH ST,60652,19.33,18,REGIONAL PARK,Bogan,0,0,0,0,0,0,4,2,0,0,0,0,0,0,0,0,1,0,0,0,0,0,0,0,0,0,0,0,0,0,0,0,0,0,0,3,0,0,0,0,0,1,0,0,0,0,0,0,0,0,0,1,3,0,0,0,0,0,0,0,0,0,0,0,0,0,"3939 W 79TH ST60652
(41.749426646975735, -87.72024569344042)"
283,ERHLER (WILLIAM),2230 W CORTLAND ST,60647,0.83,32,NEIGHBORHOOD PARK,Erhler,0,0,0,0,0,0,0,0,0,0,0,0,0,0,0,0,0,0,0,0,0,0,0,0,0,0,0,0,0,0,0,0,0,0,0,0,0,0,0,0,0,1,0,0,0,0,0,0,0,0,0,0,0,0,0,0,0,0,0,0,0,0,0,0,0,0,"2230 W CORTLAND ST60647
(41.91618378081068, -87.6831756500542)"
189,CALIFORNIA,3843 N CALIFORNIA AVE,60618,13.52,33,COMMUNITY PARK,California,1,0,0,0,0,0,6,2,0,0,0,0,0,0,0,0,0,0,0,0,0,1,0,0,0,0,0,0,0,0,0,0,0,0,0,0,0,0,1,0,0,1,0,0,0,0,0,0,0,0,1,0,4,0,0,0,0,0,0,0,0,0,0,0,0,0,"3843 N CALIFORNIA AVE60618
(41.951111371599815, -87.69813275616544)"
5,CORNELL (PAUL) SQUARE,1809 W 50TH ST,60609,8.19,14,COMMUNITY PARK,Cornell Square,0,0,0,1,0,0,4,2,0,0,0,0,0,0,0,0,1,0,0,0,0,0,0,0,0,0,0,0,1,0,0,0,0,0,0,2,0,0,1,0,0,1,0,0,0,0,0,0,0,0,1,0,3,0,0,0,0,0,0,0,0,0,0,0,0,0,"1809 W 50TH ST60609
(41.80302567756718, -87.66990815817904)"
1267,LYLE (JOHN),7700 S WALLACE ST,60620,1.46,17,PASSIVE PARK,Lyle,0,0,0,0,0,0,0,0,0,0,0,0,0,0,0,0,0,0,0,0,0,0,0,0,0,0,0,0,0,0,0,0,0,0,0,0,0,0,0,0,0,1,0,0,0,0,0,0,0,0,0,0,0,0,0,0,0,0,0,0,0,0,0,0,0,0,"7700 S WALLACE ST60620
(41.75426401359369, -87.63990966510175)"
1039,KEDVALE,4140 W HIRSCH ST,60651,0.78,31,NEIGHBORHOOD PARK,Kedvale,0,0,0,1,0,0,2,1,0,0,0,0,0,0,0,0,0,0,0,0,0,0,0,0,0,0,0,0,0,0,0,0,0,0,0,0,0,0,0,0,0,1,0,0,0,0,0,0,0,0,1,0,0,0,0,0,0,0,0,0,0,0,0,0,0,0,"4140 W HIRSCH ST60651
(41.90629351661185, -87.73027524116445)"
1043,WHITE (WILLYE B.),7631 N ASHLAND AVE,60626,0.88,0,COMMUNITY PARK,White (Willye B.),0,0,0,0,0,0,4,2,0,0,0,0,0,0,0,0,0,0,0,0,0,1,0,0,0,0,0,0,1,0,0,0,0,0,0,1,0,0,0,0,0,1,0,0,0,0,0,0,0,0,0,0,0,0,0,0,0,0,0,0,0,0,0,0,0,0,"7631 N ASHLAND AVE60626
(42.02074579943063, -87.6706256233563)"
128,MOZART (AMADEUS),2036 N AVERS AVE,60647,4.41,31,COMMUNITY PARK,Mozart,0,0,0,0,0,0,4,2,0,0,0,0,0,0,0,0,1,0,0,0,0,1,0,0,0,0,0,0,1,0,0,0,0,0,0,2,0,0,0,0,0,1,0,0,0,0,0,0,0,0,0,0,0,0,0,0,0,0,0,0,0,0,0,0,0,0,"2036 N AVERS AVE60647
(41.917891809336695, -87.72295685946894)"
179,GRAVER (PHILIP),1518 W 102ND PL,60643,4.75,19,NEIGHBORHOOD PARK,Graver,0,0,0,0,0,0,0,0,0,0,0,0,0,0,0,0,1,0,0,0,0,0,0,0,0,0,0,0,0,0,0,0,0,0,0,2,0,0,0,0,0,1,0,0,0,0,0,0,0,0,0,0,3,0,0,1,0,0,0,0,0,0,0,0,0,0,"1518 W 102ND PL60643
(41.70734399383694, -87.66017862660087)"
1042,KEN-WELL,2945 N KENOSHA AVE,60641,2.53,35,NEIGHBORHOOD PARK,Ken-Well,0,0,0,0,0,0,2,1,0,0,0,0,0,0,0,0,1,1,0,0,0,0,0,0,0,0,0,0,0,0,0,0,0,0,0,2,0,0,0,0,0,1,0,0,0,0,0,0,0,0,1,0,0,0,0,0,0,0,0,0,0,0,0,0,0,0,"2945 N KENOSHA AVE60641
(41.934366475104866, -87.73377232807303)"
1035,HORAN (ALBERT),3035 W VAN BUREN ST,60612,2.76,28,NEIGHBORHOOD PARK,Horan,0,0,0,0,0,0,2,1,0,0,0,0,0,0,0,0,0,0,0,0,0,0,0,0,0,0,0,0,0,0,0,0,0,0,0,1,0,0,0,0,0,1,0,0,0,0,0,0,0,0,1,0,0,0,0,0,0,0,0,0,0,0,0,0,0,0,"3035 W VAN BUREN ST60612
(41.87585201106498, -87.70238183469166)"
125,HERMOSA,2240 N KILBOURN AVE,60639,4.7,30,NEIGHBORHOOD PARK,Hermosa,0,0,0,0,0,0,2,1,0,0,0,0,0,0,0,0,1,0,0,0,0,0,0,0,0,0,0,0,0,0,0,0,0,0,0,1,0,0,0,0,0,1,0,0,0,0,0,0,0,0,1,1,0,0,1,0,0,0,0,0,0,0,0,0,0,0,"2240 N KILBOURN AVE60639
(41.921738021921556, -87.73897905902746)"
16,TRUMBULL (LYMAN),2400 E 105TH ST,60617,18.52,10,REGIONAL PARK,Trumbull,0,0,0,0,0,0,4,1,0,0,0,0,0,0,0,0,1,0,0,0,0,1,0,0,0,0,0,0,2,0,0,0,0,0,0,3,0,0,1,0,0,1,0,0,0,0,0,0,0,1,1,1,2,1,0,0,0,0,0,0,0,0,0,0,0,0,"2400 E 105TH ST60617
(41.704641299234446, -87.56563479261322)"
21,WASHINGTON (GEORGE),5531 S DR MARTIN LUTHER KING J,60637,366.84,0,CITYWIDE PARK,Washington (George),0,0,0,0,0,0,20,10,0,0,0,0,0,0,1,0,3,0,0,0,0,1,0,0,0,0,0,0,1,0,0,0,0,0,1,13,0,0,1,0,0,4,0,0,0,0,0,0,0,0,1,4,10,0,0,0,1,0,0,1,0,0,0,0,0,4,"5531 S DR MARTIN LUTHER KING J60637
(41.78082999999998, -87.60190999999998)"
486,WINNEMAC,5001 N LEAVITT ST,60625,22.01,47,NEIGHBORHOOD PARK,Winnemac,0,0,0,0,0,0,0,0,0,0,0,0,0,0,0,0,1,0,0,0,0,0,0,0,0,0,0,0,0,0,0,0,0,0,0,4,0,0,0,0,0,1,0,0,0,0,0,0,0,0,0,1,2,0,0,0,0,0,0,0,0,0,0,0,0,0,"5001 N LEAVITT ST60625
(41.97233198247668, -87.68408380408277)"
482,NASH (DON) COMM. CTR.,1833 E 71ST ST,60649,0.88,5,COMMUNITY PARK,Nash Comm. Ctr.,0,0,0,0,0,0,0,0,0,0,0,0,0,0,0,0,0,0,0,0,0,1,0,0,0,0,0,0,1,0,0,0,0,0,1,0,0,0,0,0,0,1,0,0,0,0,0,0,0,0,0,0,0,0,0,0,0,0,0,0,0,0,0,0,0,0,"1833 E 71ST ST60649
(41.765982603180305, -87.5802613221388)"
176,COSME (MARGARET),2100 W 91ST ST,60620,3.55,19,NEIGHBORHOOD PARK,Cosme,0,0,0,0,0,0,0,0,0,0,0,0,0,0,0,0,0,0,0,0,0,0,0,0,0,0,0,0,0,0,0,0,0,0,0,1,0,0,0,0,0,1,0,0,0,0,0,0,0,0,0,0,3,0,0,0,0,0,0,0,0,0,0,0,0,0,"2100 W 91ST ST60620
(41.728392397940674, -87.6746631658291)"
338,JEFFERSON (NANCY),3111 W FULTON BLVD,60612,0.63,27,NEIGHBORHOOD PARK,Jefferson (Nancy),0,0,0,0,0,0,2,1,0,0,0,0,0,0,0,0,0,0,0,0,0,0,0,0,0,0,0,0,0,0,0,0,0,0,0,0,0,0,0,0,0,1,0,0,0,0,0,0,0,0,0,0,0,0,0,0,0,0,0,0,0,0,0,0,0,0,"3111 W FULTON BLVD60612
(41.88638044515689, -87.70409752680732)"
106,HAMLIN (HANNIBAL),3035 N HOYNE AVE,60618,8.16,32,COMMUNITY PARK,Hamlin,0,0,0,0,0,0,4,1,0,0,0,0,0,0,0,0,1,0,0,1,1,1,0,0,0,0,0,0,2,0,0,0,0,0,0,2,0,0,1,0,0,1,0,0,0,0,0,0,0,0,0,2,2,0,0,0,0,1,0,0,0,0,0,0,0,0,"3035 N HOYNE AVE60618
(41.936520770522, -87.68060487558624)"
1013,LEONE (SAM) BEACH,1222 W TOUHY AVE,60626,2.54,49,COMMUNITY PARK,Leone Beach,0,0,0,0,0,0,0,0,1,0,1,0,0,0,0,0,0,0,0,0,0,0,0,0,0,0,0,0,1,0,0,0,0,0,0,0,0,0,0,0,0,1,0,0,0,0,0,0,0,0,0,0,0,0,0,0,0,0,0,0,0,0,0,0,0,0,"1222 W TOUHY AVE60626
(42.01293241179647, -87.66199860447963)"
214,"WICKER (CHARLES, JOEL)",1425 N DAMEN AVE,60622,4.03,26,COMMUNITY PARK,Wicker,0,0,0,0,0,0,4,2,0,0,0,0,0,0,0,1,1,1,0,0,1,0,0,0,0,0,0,0,1,0,0,0,0,0,0,1,0,0,0,0,0,1,0,0,0,0,0,0,0,0,1,0,0,0,0,0,0,0,0,0,0,0,0,0,0,0,"1425 N DAMEN AVE60622
(41.90742500122083, -87.67729600470253)"
316,WOOD (ELIZABETH),2914 N LEAVITT ST,60618,0.44,33,MINI-PARK,Wood,0,0,0,0,0,0,0,0,0,0,0,0,0,0,0,0,0,0,0,0,0,0,0,0,0,0,0,0,0,0,0,0,0,0,0,0,0,0,0,0,0,1,0,0,0,0,0,0,0,0,0,0,0,0,0,0,0,0,0,0,0,0,0,0,0,0,"2914 N LEAVITT ST60618
(41.93459420364016, -87.6831442771181)"
1028,MICEK (FRANK),5311 S HAMILTON AVE,60609,1.26,14,NEIGHBORHOOD PARK,Micek,0,0,0,0,0,0,2,1,0,0,0,0,0,0,0,0,1,0,0,0,0,0,0,0,0,0,0,0,0,0,0,0,0,0,0,0,0,0,0,0,0,1,0,0,0,0,0,0,0,0,1,0,0,0,1,0,0,0,0,0,0,0,0,0,0,0,"5311 S HAMILTON AVE60609
(41.796974169033724, -87.67791788275771)"
234,HALE (NATHAN),6140 S MELVINA AVE,60638,16.6,23,REGIONAL PARK,Hale,0,0,0,0,0,0,0,0,0,0,0,0,2,0,0,0,1,0,0,0,0,0,0,0,0,0,0,0,1,0,0,0,0,0,0,2,0,0,1,0,0,1,0,0,0,0,0,0,0,0,0,2,2,0,0,1,0,0,0,0,0,0,0,0,0,0,"6140 S MELVINA AVE60638
(41.78068716003814, -87.77654377543566)"
334,"KING (MARTIN LUTHER, JR.)",1212 W 77TH ST,60620,6.39,17,REGIONAL PARK,King,0,0,0,0,0,0,0,0,0,0,0,0,0,0,0,0,0,0,0,0,0,0,0,0,0,0,0,0,0,0,0,0,0,0,0,0,0,0,0,0,0,1,0,0,0,0,0,0,0,0,1,0,0,0,0,0,0,0,0,0,0,0,0,0,0,0,"1212 W 77TH ST60620
(41.75418260905677, -87.65406567406392)"
1126,MERRILL (GEORGE),2131 E 96TH ST,60617,3.09,10,NEIGHBORHOOD PARK,Merrill,0,0,0,0,0,0,4,2,0,0,0,0,0,0,0,0,0,0,0,0,0,0,0,0,0,0,0,0,0,0,0,0,0,0,0,1,0,0,0,0,0,1,0,0,0,0,0,0,0,0,1,0,0,0,0,0,0,0,0,0,0,0,0,0,0,0,"2131 E 96TH ST60617
(41.720628472953386, -87.57257728600307)"
1055,LITTLE VENICE,2251 W 50TH PL,60609,0.8,14,NEIGHBORHOOD PARK,Little Venice,0,0,0,0,0,0,0,0,0,0,0,0,0,0,0,0,0,0,0,0,0,0,0,0,0,0,0,0,0,0,0,0,0,0,0,0,0,0,0,0,0,1,0,0,0,0,0,0,0,0,1,0,0,0,0,0,0,0,0,0,0,0,0,0,0,0,"2251 W 50TH PL60609
(41.80201385517387, -87.6809044730743)"
496,"BOLER (LEO ROSCOE, SR.)",3601 W ARTHINGTON ST,60624,1.81,24,NEIGHBORHOOD PARK,Boler,0,0,0,0,0,0,0,0,0,0,0,0,0,0,0,0,0,0,0,0,0,0,0,0,0,0,0,0,0,0,0,0,0,0,0,0,0,0,0,0,0,1,0,0,0,0,0,0,0,0,0,0,0,0,0,0,0,0,0,0,0,0,0,0,0,0,"3601 W ARTHINGTON ST60624
(41.869872017371854, -87.71553942874213)"
1032,HAAS (JOSEPH),2402 N WASHTENAW AVE,60647,0.86,33,NEIGHBORHOOD PARK,Haas,0,0,0,0,0,0,0,0,0,0,0,0,0,0,0,0,1,0,0,0,0,1,0,0,0,0,0,0,1,0,0,0,0,0,0,1,0,0,0,0,0,1,0,0,0,0,0,0,0,0,1,0,0,0,0,0,0,0,0,0,0,0,0,0,0,0,"2402 N WASHTENAW AVE60647
(41.92492784720372, -87.6950423012306)"
1022,BARRETT (JOHN),2022 W CERMAK RD,60608,0.65,25,NEIGHBORHOOD PARK,Barrett,0,0,0,0,0,0,2,1,0,0,0,0,0,0,0,0,0,0,0,0,0,0,0,0,0,0,0,0,0,0,0,0,0,0,0,0,0,0,0,0,0,1,0,0,0,0,0,0,0,0,0,0,0,0,0,0,0,0,0,0,0,0,0,0,0,0,"2022 W CERMAK RD60608
(41.85223664941679, -87.67639330350434)"
239,DAWES (CHARLES),8040 S DAMEN AV,60620,16.26,18,COMMUNITY PARK,Dawes,0,0,0,0,0,0,2,1,0,0,0,0,0,0,0,0,2,0,0,0,0,0,0,0,0,0,0,0,0,0,0,0,0,0,0,4,0,0,0,0,0,1,0,0,0,0,0,0,0,0,1,1,0,0,0,0,0,0,0,0,0,0,0,0,0,0,"8040 S DAMEN AV60620
(41.747356590549835, -87.67313800388732)"
1011,LAWLER (MICHAEL),5210 W 64TH ST,60638,6.2,13,COMMUNITY PARK,Lawler,0,0,0,0,0,0,6,3,0,0,0,0,0,0,0,0,1,0,0,0,0,0,0,0,0,0,0,0,0,0,0,0,2,0,0,2,0,0,0,0,0,1,0,0,0,0,0,0,0,0,1,0,0,0,0,0,0,0,0,0,0,0,0,0,0,0,"5210 W 64TH ST60638
(41.776037107986554, -87.75112378358243)"
7,SHERMAN (JOHN),1307 W 52ND ST,60609,60.6,15,REGIONAL PARK,Sherman,0,0,0,0,0,0,4,2,0,0,0,0,0,0,1,0,3,0,0,0,0,1,0,0,0,0,0,0,1,0,0,2,0,0,0,3,0,0,1,0,0,3,0,0,0,0,0,0,0,0,1,2,2,1,1,0,0,0,0,1,0,0,0,0,0,0,"1307 W 52ND ST60609
(41.79953498429973, -87.6576156184181)"
522,WANG (CHI CHE),1762 W DIVERSEY PKWY,60657,1.97,32,UNIMPROVED PARK,Wang,0,0,0,0,0,0,0,0,0,0,0,0,0,0,0,0,0,0,0,0,0,0,0,0,0,0,0,0,0,0,0,0,0,0,0,0,0,0,0,0,0,1,0,0,0,0,0,0,0,0,0,0,0,0,0,0,0,0,0,0,0,0,0,0,0,0,"1762 W DIVERSEY PKWY60657
(41.93966, -87.65668)"
291,STOUT (FLORENCE),5446 S GREENWOOD AVE,60615,2.7,4,NEIGHBORHOOD PARK,Stout,0,0,0,0,0,0,0,0,0,0,0,0,0,0,0,0,0,0,0,0,0,0,0,0,0,0,0,0,0,0,0,0,0,0,0,1,0,0,0,0,0,2,0,0,0,0,0,0,0,0,0,0,0,0,0,0,0,0,0,0,0,0,0,0,0,0,"5446 S GREENWOOD AVE60615
(41.79672531391511, -87.59976090787049)"
542,BARTELME (MARY),115 S. SANGAMON ST,60602,2.29,2,NEIGHBORHOOD PARK,Bartelme,0,0,0,0,0,0,0,0,0,0,0,0,0,0,0,0,0,0,0,0,1,0,0,0,0,0,0,0,0,0,0,0,0,0,0,0,0,0,0,0,0,1,0,0,0,0,0,0,0,0,0,0,0,0,0,0,0,0,0,0,0,0,0,0,0,0,"115 S. SANGAMON ST60602
(41.88324000000006, -87.6291)"
246,TOUHY (PATRICK),7348 N PAULINA ST,60626,6.35,49,COMMUNITY PARK,Touhy,0,0,0,0,0,0,0,0,0,0,0,0,0,0,0,0,1,0,0,0,0,1,0,0,0,0,0,0,1,0,0,0,0,0,0,3,0,0,0,0,0,1,0,0,0,0,0,0,0,0,0,0,2,0,0,0,0,0,0,0,0,0,0,0,0,0,"7348 N PAULINA ST60626
(42.01485083190631, -87.67251926344815)"
1050,MOORE (MAURICE),5085 W ADAMS ST,60644,3.2,29,NEIGHBORHOOD PARK,Moore,0,0,0,0,0,0,2,1,0,0,0,0,0,0,0,0,1,1,0,0,0,0,0,0,0,0,0,0,0,0,0,0,0,0,0,1,0,0,0,0,0,1,0,0,0,0,0,0,0,0,1,0,0,0,0,0,0,0,0,0,0,0,0,0,0,0,"5085 W ADAMS ST60644
(41.87844122282727, -87.75277570429367)"
1047,GARIBALDI (GIUSEPPI),1520 W POLK ST,60607,2.45,1,NEIGHBORHOOD PARK,Garibaldi,0,0,0,0,0,0,0,0,0,0,0,0,0,0,0,0,0,0,0,0,0,0,0,0,0,0,0,0,0,0,0,0,0,0,0,0,0,0,0,0,0,1,0,0,0,0,0,0,0,0,0,0,0,0,0,0,0,0,0,0,0,0,0,0,0,0,"1520 W POLK ST60607
(41.87170606227912, -87.6646742545981)"
1073,WOODHULL (ROSS),7340 S EAST END AVE,60649,2.24,5,NEIGHBORHOOD PARK,Woodhull,0,0,0,0,0,0,4,2,0,0,0,0,0,0,0,0,1,0,0,0,0,0,0,0,0,0,0,0,0,0,0,0,0,0,0,0,0,0,0,0,0,1,0,0,0,0,0,0,0,0,1,0,0,1,0,0,0,0,0,0,0,0,0,0,0,0,"7340 S EAST END AVE60649
(41.76166984988256, -87.58361657437297)"
1040,KELLS (GEORGE),3201 W CHICAGO AVE,60624,1.7,27,NEIGHBORHOOD PARK,Kells,0,0,0,0,0,0,0,0,0,0,0,0,0,0,0,0,0,0,0,0,0,0,0,0,0,0,0,0,0,0,0,0,0,0,0,1,0,0,0,0,0,1,0,0,0,0,0,0,0,0,0,0,0,0,0,0,0,0,0,0,0,0,0,0,0,0,"3201 W CHICAGO AVE60624
(41.88020000000006, -87.72311000000002)"
177,BRAINERD,1246 W 92ND ST,60620,8.23,21,COMMUNITY PARK,Brainerd,0,0,0,0,0,0,6,3,0,0,0,0,0,0,0,0,1,0,0,0,0,0,0,0,0,0,0,0,1,0,0,0,0,0,0,2,0,0,0,0,0,1,0,0,0,0,0,0,0,0,1,2,3,0,0,0,0,0,0,0,0,0,0,0,0,0,"1246 W 92ND ST60620
(41.726838075426336, -87.6541891417518)"
1038,INDIAN ROAD,6010 W MATSON AVE,60646,2.85,45,NEIGHBORHOOD PARK,Indian Road,0,0,0,0,0,0,4,1,0,0,0,0,0,0,0,0,0,0,0,0,0,0,0,0,0,0,0,0,0,0,0,0,0,0,0,1,0,0,0,0,0,1,0,0,0,0,0,0,0,0,1,0,0,0,0,0,0,0,0,0,0,0,0,0,0,0,"6010 W MATSON AVE60646
(41.99281141928152, -87.77830316817563)"
22,GAGE (GEORGE),2415 W 55TH ST,60629,29.22,16,REGIONAL PARK,Gage,0,0,0,0,0,0,2,1,0,0,0,0,0,0,0,0,3,0,0,0,0,1,0,0,0,0,0,0,2,0,0,2,0,0,0,3,0,0,1,0,0,1,0,0,0,0,0,0,0,0,1,2,8,1,1,0,0,0,0,0,0,0,0,0,0,0,"2415 W 55TH ST60629
(41.77413000000007, -87.71231)"
1130,MONTICELLO,1814 N MONTICELLO AVE,60647,0.36,31,MINI-PARK,Monticello,0,0,0,0,0,0,2,1,0,0,0,0,0,0,0,0,0,0,0,0,0,0,0,0,0,0,0,0,0,0,0,0,0,0,0,0,0,0,0,0,0,1,0,0,0,0,0,0,0,0,0,0,0,0,0,0,0,0,0,0,0,0,0,0,0,0,"1814 N MONTICELLO AVE60647
(41.91390722705534, -87.7179533250964)"
1031,GROSS,2708 W LAWRENCE AVE,60625,1.4,40,NEIGHBORHOOD PARK,Gross,0,0,0,0,0,0,4,1,0,0,0,0,0,0,0,0,1,0,0,0,0,0,0,0,0,0,0,0,0,0,0,0,0,0,0,0,0,0,0,0,0,1,0,0,0,0,0,0,0,0,0,0,0,0,0,0,0,0,0,0,0,0,0,0,0,0,"2708 W LAWRENCE AVE60625
(41.96859889546024, -87.69660624272714)"
47,CRESCENT,2230 W 108TH PL,60643,5.18,19,COMMUNITY PARK,Crescent,0,0,0,0,0,0,0,0,0,0,0,0,0,0,0,0,1,0,0,0,0,0,0,0,0,0,0,0,0,0,0,0,0,0,0,1,0,0,0,0,0,1,0,0,0,0,0,0,0,0,0,0,2,0,0,0,0,0,0,0,0,0,0,0,0,0,"2230 W 108TH PL60643
(41.696723865536036, -87.67763130615604)"
1002,CLARENDON COMM. CTR.,4501 N CLARENDON AVE,60640,8.3,46,COMMUNITY PARK,Clarendon Comm. Ctr.,0,0,0,0,0,0,2,1,0,0,0,0,1,0,0,0,1,0,0,0,0,1,0,0,0,0,0,0,1,0,0,0,0,0,0,3,0,0,0,0,0,1,0,0,0,0,0,0,0,0,1,1,2,0,0,0,0,0,0,0,0,0,0,0,0,0,"4501 N CLARENDON AVE60640
(41.963680676776605, -87.64989072464365)"
500,PARK NO. 500,730 S SPRINGFIELD AVE,60624,1.18,24,NEIGHBORHOOD PARK,Park No. 500,0,0,0,0,0,0,2,1,0,0,0,0,0,0,0,0,0,0,0,0,0,0,0,0,0,0,0,0,0,0,0,0,0,0,0,0,0,0,0,0,0,1,0,0,0,0,0,0,0,0,0,0,0,0,0,0,0,0,0,0,0,0,0,0,0,0,"730 S SPRINGFIELD AVE60624
(41.87163056655968, -87.72295084746472)"
277,NICHOLS (JOHN FOUNTAIN),1342 E 54TH ST,60615,10.39,4,COMMUNITY PARK,Nichols,0,0,0,0,0,0,0,0,0,0,0,0,0,0,0,0,0,0,0,0,0,0,0,0,0,0,0,0,1,0,0,0,0,0,0,1,0,0,0,0,0,2,0,0,0,0,0,0,0,0,0,0,2,0,0,0,0,0,0,0,0,0,0,0,0,0,"1342 E 54TH ST60615
(41.79806314688307, -87.59308069515362)"
1062,"KUCINSKI-MURPHY (VICKI, ROSEBETH)",1635 W 33RD PL,60608,0.66,11,NEIGHBORHOOD PARK,Kucinski-Murphy,0,0,0,0,0,0,0,0,0,0,0,0,0,0,0,0,0,0,0,0,0,0,0,0,0,0,0,0,0,0,0,0,0,0,0,0,0,0,0,0,0,1,0,0,0,0,0,0,0,0,1,0,0,0,0,0,0,0,0,0,0,0,0,0,0,0,"1635 W 33RD PL60608
(41.83318513214574, -87.6664773172472)"
459,ASHE (ARTHUR) BEACH,2701 E 74TH ST,60649,2.18,5,NEIGHBORHOOD PARK,Ashe Beach,0,0,0,0,0,0,0,0,1,0,0,0,0,0,0,0,0,0,0,0,0,0,0,0,0,0,0,0,0,0,0,0,0,0,0,0,0,0,0,0,0,1,0,0,0,0,0,0,0,0,0,0,2,0,0,0,0,0,0,0,0,0,0,0,0,0,"2701 E 74TH ST60649
(41.76229372632614, -87.55882582673209)"
141,NORWOOD,5801 N NATOMA AVE,60631,14.04,41,COMMUNITY PARK,Norwood,0,0,0,0,0,0,3,1,0,0,0,0,0,0,0,0,1,0,0,0,0,1,0,0,0,0,0,0,1,0,0,0,0,0,0,3,0,0,1,0,0,1,0,0,0,1,0,0,0,1,0,1,4,1,0,0,1,0,0,0,0,0,0,0,0,0,"5801 N NATOMA AVE60631
(41.98655064643979, -87.79406152662384)"
251,MOUNT GREENWOOD,3724 W 111TH ST,60655,48.21,19,REGIONAL PARK,Mount Greenwood,1,0,0,0,0,0,0,0,0,0,0,0,0,0,0,0,1,0,0,0,0,0,0,0,0,0,0,0,1,0,0,0,0,1,0,8,0,0,1,0,0,1,0,0,0,0,0,0,0,0,1,3,4,0,0,0,0,0,0,0,0,0,0,0,0,0,"3724 W 111TH ST60655
(41.69141451418008, -87.71368390704849)"
1072,WOLFE (RICHARD),3325 E 108TH ST,60617,3.62,10,NEIGHBORHOOD PARK,Wolfe,0,0,0,0,0,0,4,1,0,0,0,0,2,0,0,0,1,0,0,0,0,0,0,0,0,0,0,0,0,0,0,0,2,0,0,2,0,0,0,0,0,1,0,0,0,0,0,0,0,0,1,0,0,0,0,0,0,0,0,0,0,0,0,0,0,0,"3325 E 108TH ST60617
(41.69908351757595, -87.54274906753841)"
249,WEST CHATHAM,8223 S PRINCETON AVE,60620,15.02,21,COMMUNITY PARK,West Chatham,0,0,0,0,0,0,2,1,0,0,0,0,0,0,0,0,1,0,0,0,0,0,0,0,0,0,0,0,0,0,0,0,0,0,0,2,0,0,0,0,0,1,0,0,0,0,0,0,0,0,1,1,2,0,0,0,0,0,0,0,0,0,0,0,0,0,"8223 S PRINCETON AVE60620
(41.74567090884364, -87.63165381894771)"
370,STARS & STRIPES,7000 W 51ST PL,60638,1.95,23,NEIGHBORHOOD PARK,Stars & Stripes,0,0,0,0,0,0,0,0,0,0,0,0,0,0,0,0,0,0,0,0,0,0,0,0,0,0,0,0,0,0,0,0,0,0,0,1,0,0,0,0,0,1,0,0,1,0,0,0,0,0,1,0,0,0,0,0,0,0,0,0,0,0,0,0,0,0,"7000 W 51ST PL60638
(41.798845006791744, -87.79663650514799)"
81,AVONDALE,3516 W SCHOOL ST,60618,1.18,35,COMMUNITY PARK,Avondale,0,0,0,0,0,0,2,1,0,0,0,0,0,0,0,0,0,0,0,0,0,0,0,0,0,0,0,0,1,1,0,0,0,0,0,0,0,0,1,0,0,1,0,0,0,0,0,0,0,0,1,0,0,0,0,0,0,0,0,0,0,0,0,0,0,0,"3516 W SCHOOL ST60618
(41.941123045102984, -87.71452093500932)"
122,BLACKHAWK,2318 N LAVERGNE AVE,60639,6.23,30,COMMUNITY PARK,Blackhawk,0,0,0,0,0,0,0,1,0,0,0,0,0,0,0,0,1,0,0,0,0,0,0,0,0,0,0,0,1,0,0,0,0,0,1,3,0,0,0,0,0,1,0,0,0,0,1,0,0,0,1,0,5,0,0,0,0,0,0,0,0,0,0,0,0,0,"2318 N LAVERGNE AVE60639
(41.922695995973406, -87.75124728870875)"
361,VIOLET,4120 W TAYLOR ST,60624,0.52,24,NEIGHBORHOOD PARK,Violet,0,0,0,0,0,0,0,0,0,0,0,0,0,0,0,0,0,0,0,0,0,0,0,0,0,0,0,0,0,0,0,0,0,0,0,0,0,0,0,0,0,1,0,0,0,0,0,0,0,0,1,0,0,0,0,0,0,0,0,0,0,0,0,0,0,0,"4120 W TAYLOR ST60624
(41.86911058962397, -87.728245402613)"
266,STATEWAY,3658 S STATE ST,60609,7.51,2,COMMUNITY PARK,Stateway,0,0,0,0,0,0,6,1,0,0,0,0,0,0,0,0,1,0,0,0,0,0,0,0,0,0,0,0,0,0,0,0,0,0,0,2,0,0,0,0,0,1,0,0,0,0,0,0,0,0,0,0,0,0,0,0,0,0,0,0,0,0,0,0,0,0,"3658 S STATE ST60609
(41.82805208556866, -87.62656559279442)"
1265,LANE (GEORGE) BEACH,1000 W THORNDALE AVE,60660,0.79,48,PASSIVE PARK,Lane Beach,0,0,0,0,0,0,0,0,2,0,0,0,0,0,0,0,0,0,0,0,0,0,0,0,0,0,0,0,0,0,0,0,0,0,0,0,0,0,0,0,0,1,0,0,0,0,0,0,0,0,0,0,0,0,0,0,0,0,0,0,0,0,0,0,0,0,"1000 W THORNDALE AVE60660
(41.99009537979947, -87.65540930043252)"
307,MINUTEMAN,5940 S CENTRAL AVE,60638,8.91,13,COMMUNITY PARK,Minuteman,0,0,0,0,0,0,8,2,0,0,0,0,0,0,0,0,1,0,0,0,0,0,0,0,0,0,0,0,0,0,0,0,0,0,0,2,0,0,0,0,0,1,0,0,1,0,0,0,0,0,0,2,2,0,0,0,0,0,0,0,0,0,0,0,0,0,"5940 S CENTRAL AVE60638
(41.78415876485127, -87.76197446429444)"
443,MCINERNEY (THOMAS),4446-58 S. EMERALD AVE,60609,1.32,11,NEIGHBORHOOD PARK,McInerney,0,0,0,0,0,0,0,0,0,0,0,0,0,0,0,0,1,0,0,0,0,0,0,0,0,0,0,0,0,0,0,0,0,0,0,0,0,0,0,0,0,1,0,0,0,0,0,0,0,0,0,0,0,0,0,0,0,0,0,0,0,0,0,0,0,0,"4446-58 S. EMERALD AVE60609
(41.81224000000009, -87.65565999999995)"
235,OAKDALE,965 W 95TH ST,60643,9.03,21,COMMUNITY PARK,Oakdale,0,0,0,0,0,0,2,1,0,0,0,0,0,0,0,0,1,0,0,0,0,0,0,0,0,0,0,0,0,0,0,0,0,0,0,3,0,0,1,0,0,1,0,0,0,0,0,0,0,0,1,1,0,0,0,0,0,0,0,0,0,0,0,0,0,0,"965 W 95TH ST60643
(41.72129530234042, -87.64743984964792)"
1049,MEYERING (WILLIAM),7140 S DR MARTIN LUTHER KING J,60619,3.1,6,NEIGHBORHOOD PARK,Meyering,0,0,0,0,0,0,2,1,0,0,0,0,0,0,0,0,1,0,0,0,0,0,0,0,0,0,0,0,0,0,0,0,0,0,0,1,0,0,0,0,0,1,0,0,0,0,0,0,0,0,0,0,0,0,0,1,0,0,0,0,0,0,0,0,0,0,"7140 S DR MARTIN LUTHER KING J60619
(41.74405000000007, -87.60523)"
91,ROSEDALE,6312 W ROSEDALE AVE,60646,2.75,41,COMMUNITY PARK,Rosedale,0,0,0,0,0,0,2,1,0,0,0,0,0,0,0,0,2,0,0,0,0,0,0,0,0,0,0,0,1,0,0,0,0,0,0,1,0,0,0,0,0,1,0,0,0,0,0,0,0,0,0,0,2,0,0,0,0,0,0,0,0,0,0,0,0,0,"6312 W ROSEDALE AVE60646
(41.98848106994233, -87.7857683351954)"
398,SHEIL (BERNARD) COMM. CTR.,3505 N SOUTHPORT AVE,60657,0.41,44,COMMUNITY PARK,Sheil Comm. Ctr.,0,0,0,0,0,0,0,0,0,0,0,0,0,0,0,0,0,0,0,0,0,0,0,0,0,0,0,0,1,0,0,0,0,0,0,0,0,0,0,0,0,1,0,0,0,0,0,0,0,0,0,0,0,0,0,0,0,0,0,0,0,0,0,0,0,0,"3505 N SOUTHPORT AVE60657
(41.9453365304619, -87.66381014422298)"
45,ADA (SAWYER GARRETT),11250 S ADA ST,60643,15.23,34,REGIONAL PARK,Ada,0,0,0,0,0,0,4,2,0,0,0,0,0,0,0,0,1,0,0,0,0,1,0,0,0,0,0,0,1,0,0,0,2,0,0,2,0,0,1,0,0,1,0,0,0,0,0,0,0,0,1,2,4,0,0,0,0,0,0,0,0,0,0,0,0,0,"11250 S ADA ST60643
(41.687124254843184, -87.65566117306987)"
218,DOUGLAS (STEPHEN),1401 S SACRAMENTO,60623,174.01,0,CITYWIDE PARK,Douglas,0,0,0,1,0,0,7,2,0,0,0,0,0,0,1,0,6,0,0,1,0,1,0,0,1,1,0,1,1,0,0,0,0,0,0,1,0,0,1,0,0,5,0,0,0,0,0,0,0,0,3,1,3,1,0,0,0,0,0,1,0,0,0,0,0,0,"1401 S SACRAMENTO60623
(41.862426996719684, -87.70182814973508)"
1069,WALLACE,607 W 92ND ST,60620,0.86,21,NEIGHBORHOOD PARK,Wallace,0,0,0,0,0,0,0,0,0,0,0,0,0,0,0,0,0,0,0,0,0,0,0,0,0,0,0,0,0,0,0,0,0,0,0,0,0,0,0,0,0,1,0,0,0,0,0,0,0,0,1,0,0,0,0,0,0,0,0,0,0,0,0,0,0,0,"607 W 92ND ST60620
(41.7269391234841, -87.63876273352142)"
1016,STROHACKER (HOWARD),4347 W 54TH ST,60632,3.68,23,NEIGHBORHOOD PARK,Strohacker,0,0,0,0,0,0,0,0,0,0,0,0,0,0,0,0,1,0,0,0,0,0,0,0,0,0,0,0,0,0,0,0,1,0,0,2,0,0,0,0,0,2,0,0,0,0,0,0,0,0,1,0,0,0,1,0,0,0,0,0,0,0,0,0,0,0,"4347 W 54TH ST60632
(41.79490105872119, -87.73204913465142)"
259,ABBOTT (ROBERT),49 E 95TH ST,60628,22.74,6,COMMUNITY PARK,Abbott,0,0,0,0,0,0,8,3,0,0,0,0,0,0,0,0,2,0,0,0,0,0,0,0,0,0,0,0,0,0,0,0,0,0,0,3,0,0,1,0,0,1,0,0,0,1,0,0,0,0,2,2,2,1,1,0,0,0,0,0,0,0,0,0,0,0,"49 E 95TH ST60628
(41.72158307459381, -87.62560647724794)"
62,EDISON (THOMAS ALVA),6755 N NORTHWEST HWY,60631,0.71,41,NEIGHBORHOOD PARK,Edison,0,0,0,0,0,0,0,0,0,0,0,0,0,0,0,0,0,0,0,0,0,0,0,0,0,0,0,0,0,0,0,0,0,0,0,0,0,0,0,0,0,1,0,0,0,0,0,0,0,0,0,0,0,0,0,0,0,0,0,0,0,0,0,1,0,0,"6755 N NORTHWEST HWY60631
(42.00408467051932, -87.81811468589707)"
1021,AUGUSTA (CARPENTER),4431 W AUGUSTA BLVD,60651,0.85,31,NEIGHBORHOOD PARK,Augusta,0,0,0,0,0,0,0,0,0,0,0,0,0,0,0,0,0,0,0,0,0,0,0,0,0,0,0,0,0,0,0,0,0,0,0,0,0,0,0,0,0,1,0,0,0,0,0,0,0,0,0,0,0,0,0,0,0,0,0,0,0,0,0,0,0,0,"4431 W AUGUSTA BLVD60651
(41.89879205351077, -87.73681629895835)"
126,KELVYN (WILLIAM),4438 W WRIGHTWOOD AVE,60639,8.5,30,COMMUNITY PARK,Kelvyn,0,0,0,1,0,0,2,1,0,0,0,0,0,0,0,0,1,0,0,0,0,1,0,0,0,0,0,0,1,0,0,0,0,0,0,2,0,0,0,0,0,1,0,0,1,0,0,0,0,0,1,0,2,0,0,0,0,0,0,0,0,0,0,0,0,0,"4438 W WRIGHTWOOD AVE60639
(41.92870143745059, -87.73771366772635)"
1025,"TAYLOR-LAURIDSEN (JOHN, EMIL)",647 W ROOT ST,60609,4.49,11,NEIGHBORHOOD PARK,Taylor-Lauridsen,0,0,0,0,0,0,0,0,0,0,0,0,0,0,0,0,1,0,0,0,0,1,0,0,0,0,0,0,1,0,0,0,0,0,0,1,0,0,0,0,0,1,0,0,0,0,0,0,0,0,1,1,0,0,0,0,0,0,0,0,0,0,0,0,0,0,"647 W ROOT ST60609
(41.818912582673576, -87.64242583873168)"
255,CARVER (GEORGE WASHINGTON),939 E 132ND ST,60627,19.42,9,REGIONAL PARK,Carver,0,0,0,0,0,0,4,2,0,0,0,0,0,0,0,0,2,0,0,0,0,1,0,0,0,0,0,0,1,0,0,0,0,0,1,2,0,0,0,0,0,2,0,0,1,0,0,0,0,0,0,2,0,0,0,0,0,0,0,0,0,0,0,0,0,0,939 E 132ND ST60627
185,REVERE (PAUL),2509 W IRVING PARK RD,60618,9.24,47,COMMUNITY PARK,Revere,0,0,0,0,0,0,0,0,0,0,0,0,0,0,0,0,1,0,0,0,0,0,0,0,0,0,0,0,1,0,0,0,0,0,0,3,0,0,0,0,0,1,0,0,0,0,0,0,0,0,0,1,4,0,0,0,0,0,0,0,0,0,0,0,0,0,"2509 W IRVING PARK RD60618
(41.95393191408374, -87.69122572526284)"
1029,DONOVAN (GEORGE),3620 S LITUANICA AVE,60609,2.68,11,NEIGHBORHOOD PARK,Donovan,0,0,0,0,0,0,2,1,0,0,0,0,0,0,0,0,1,0,0,0,0,0,0,0,0,0,0,0,0,0,0,0,0,0,0,0,0,0,0,0,0,1,0,0,0,0,0,0,0,0,1,2,0,0,1,0,0,0,0,0,0,0,0,0,0,0,"3620 S LITUANICA AVE60609
(41.82842176182138, -87.64772618855108)"
242,HAYES (FRANCIS),2936 W 85TH ST,60652,20.3,18,REGIONAL PARK,Hayes,0,0,0,0,0,0,0,0,0,0,0,0,0,0,0,0,2,0,0,0,0,1,0,0,0,0,0,0,1,0,0,0,0,0,1,4,0,0,0,0,0,1,0,0,0,0,0,0,0,0,1,2,0,0,1,0,0,0,0,0,0,0,0,0,0,0,"2936 W 85TH ST60652
(41.73872925819764, -87.6962147349141)"
26,FOSTER (J. FRANK),1400 W 84TH ST,60620,23.2,18,REGIONAL PARK,Foster,0,0,0,0,0,0,8,3,0,0,0,0,0,0,0,0,1,0,0,0,0,1,0,0,0,0,0,0,1,0,0,0,2,0,1,4,0,0,0,0,0,1,0,0,0,0,0,0,0,0,0,1,8,1,0,1,0,0,0,0,0,0,0,0,0,0,"1400 W 84TH ST60620
(41.74139826378999, -87.65763212522916)"
95,ROBERTS (DANIEL) SQUARE,5230 W ARGYLE ST,60630,3.67,45,NEIGHBORHOOD PARK,Roberts Square,0,0,0,0,0,0,0,0,0,0,0,0,0,0,0,0,0,0,0,0,0,0,0,0,0,0,0,0,0,0,0,0,0,0,0,0,0,0,0,0,0,1,0,0,0,0,0,0,0,0,1,0,0,0,0,0,0,0,0,0,0,0,0,0,0,0,"5230 W ARGYLE ST60630
(41.971605318877096, -87.75840489113608)"
12,BESSEMER (HENRY),8930 S MUSKEGON AVE,60617,18.43,7,REGIONAL PARK,Bessemer,0,0,0,1,0,0,4,1,0,0,0,0,0,0,0,0,2,0,0,0,0,0,0,0,1,0,0,0,2,0,0,2,0,0,0,4,0,0,1,0,0,1,0,0,0,0,0,0,0,0,1,2,4,1,0,0,0,0,0,0,0,0,0,0,0,0,"8930 S MUSKEGON AVE60617
(41.73310768834484, -87.55555049884033)"
1211,DICKINSON (ARTHUR),4117 N LAVERGNE AVE,60641,0.76,45,NEIGHBORHOOD PARK,Dickinson,0,0,0,0,0,0,0,0,0,0,0,0,0,0,0,0,0,0,0,0,0,0,0,0,0,0,0,0,0,0,0,0,0,0,0,0,0,0,0,0,0,1,0,0,0,0,0,0,0,0,1,0,0,0,0,0,0,0,0,0,0,0,0,0,0,0,"4117 N LAVERGNE AVE60641
(41.95536271146273, -87.75216447389278)"
423,OZ,2021 N BURLING ST,60614,13.32,43,COMMUNITY PARK,Oz,0,0,0,0,0,0,4,1,0,0,0,0,0,0,0,0,1,0,0,0,0,0,0,0,1,0,0,0,0,0,0,0,0,0,0,2,0,0,0,0,0,1,0,0,0,0,0,0,0,0,0,1,4,0,1,0,0,0,0,0,0,0,0,0,0,0,"2021 N BURLING ST60614
(41.918953524199324, -87.64716334581394)"
395,LELAND GIANTS,7526 S LOWE AVE,60621,1.91,17,NEIGHBORHOOD PARK,Leland Giants,0,0,0,0,0,0,4,1,0,0,0,0,0,0,0,0,0,0,0,0,0,0,0,0,0,0,0,0,0,0,0,0,0,0,0,0,0,0,0,0,0,1,0,0,0,0,0,0,0,0,0,0,0,0,0,0,0,0,0,0,0,0,0,0,0,0,"7526 S LOWE AVE60621
(41.776039999999966, -87.63983999999999)"
94,JEFFERSON (THOMAS) MEML.,4822 N LONG AVE,60630,7.16,45,COMMUNITY PARK,Jefferson (Thomas) Memorial,0,0,0,0,0,0,0,0,0,0,0,0,0,0,0,0,0,0,0,0,0,0,0,0,0,0,0,0,1,0,0,0,0,0,0,1,0,0,1,0,0,1,0,0,0,0,0,0,0,0,1,1,3,0,1,0,0,0,0,0,0,0,0,0,0,0,"4822 N LONG AVE60630
(41.967940558359835, -87.76265759863169)"
261,WILLIAMS (DANIEL HALE),2710 S DEARBORN ST,60616,8.51,2,COMMUNITY PARK,Williams,0,0,0,0,0,0,2,1,0,0,0,0,0,0,0,0,1,0,0,0,0,0,0,0,0,0,0,0,0,0,0,0,0,0,0,1,0,0,0,0,0,1,0,0,0,0,0,0,0,0,1,1,0,0,0,1,0,0,0,0,0,0,0,0,0,0,"2710 S DEARBORN ST60616
(41.84466313434372, -87.62815699255205)"
364,GILL (JOSEPH),825 W SHERIDAN RD,60613,2.21,46,COMMUNITY PARK,Gill,0,0,0,0,0,0,0,0,0,0,0,0,0,0,0,0,0,0,0,0,0,1,0,0,0,0,0,0,1,0,0,0,0,0,1,1,0,0,0,0,0,1,0,0,0,0,0,0,0,0,0,0,0,0,0,0,0,0,0,0,0,0,0,0,0,0,"825 W SHERIDAN RD60613
(41.95265899243198, -87.65012277845342)"
202,FRANKLIN (BENJAMIN),1449 S KOLIN AVE,60623,8.47,24,COMMUNITY PARK,Franklin,0,0,0,0,0,0,6,3,0,0,0,0,0,0,0,0,1,0,0,0,0,0,0,0,0,0,0,0,1,0,0,0,0,0,0,3,0,0,1,0,0,1,0,0,0,0,0,0,0,0,0,1,0,0,1,1,0,0,0,0,0,0,0,0,0,0,"1449 S KOLIN AVE60623
(41.86145017005325, -87.7335103632115)"
448,METCALFE (RALPH),4196 S STATE ST,60609,6.21,2,COMMUNITY PARK,Metcalfe,0,0,0,0,0,0,8,2,0,0,0,0,0,0,0,0,0,0,0,0,0,0,1,0,0,0,0,0,0,0,0,0,0,0,0,1,0,0,0,0,0,1,0,0,0,0,0,0,0,0,1,0,2,0,0,0,0,0,0,0,0,0,0,0,0,0,"4196 S STATE ST60609
(41.81831538343677, -87.62639429120034)"
1218,LILY GARDENS,632 W 71ST ST,60621,2.57,17,PASSIVE PARK,Lily Gardens,0,0,0,0,0,0,0,0,0,0,0,0,0,0,0,0,0,0,0,0,0,0,0,0,0,0,0,0,0,0,0,0,0,0,0,0,0,0,0,0,0,1,0,0,0,0,0,0,0,0,0,0,0,0,0,0,0,0,0,0,0,0,0,0,0,0,"632 W 71ST ST60621
(41.765335671320116, -87.6407715810098)"
205,SHERIDAN (PHILIP HENRY),910 S ABERDEEN ST,60607,3.91,1,COMMUNITY PARK,Sheridan,0,0,0,0,0,0,0,0,0,0,0,0,1,0,0,0,1,0,0,0,0,1,0,0,0,0,0,0,1,0,0,0,1,0,1,4,0,0,0,0,0,1,0,0,0,0,0,0,0,1,0,0,3,0,0,0,0,1,0,0,0,0,0,0,0,0,"910 S ABERDEEN ST60607
(41.870174792942706, -87.65429131970551)"
511,WARD (A. MONTGOMERY),630 N KINGSBURY AVE,60610,2.89,0,UNIMPROVED PARK,Montgomery Ward,0,0,0,0,0,0,0,0,0,0,0,0,0,0,0,0,0,0,0,0,1,0,0,0,0,0,0,0,0,0,0,0,0,0,0,0,0,0,0,0,0,1,0,0,0,0,0,0,0,0,0,0,0,0,0,0,0,0,0,0,0,0,0,0,0,0,"630 N KINGSBURY AVE60610
(41.90442000000013, -87.63700999999998)"
228,HORNER (HENRY),2741 W MONTROSE AVE,60618,54.84,40,REGIONAL PARK,Horner,0,0,0,0,0,0,4,2,0,0,0,0,0,0,0,0,4,0,0,0,0,1,0,0,0,0,0,0,1,0,0,0,0,0,0,9,0,0,0,0,0,1,0,0,0,0,0,0,0,0,0,3,6,0,0,0,0,0,0,0,0,0,0,0,0,0,"2741 W MONTROSE AVE60618
(41.96121642252109, -87.69763588713187)"
231,ROSENBLUM (J. LESLIE),2000 E 75TH ST,60649,10.84,8,COMMUNITY PARK,Rosenblum,0,0,0,0,0,0,4,2,0,0,0,0,0,0,0,0,1,0,0,0,0,0,0,0,0,0,0,0,0,0,0,0,0,0,0,0,0,0,0,0,0,1,0,0,0,0,7,0,0,0,0,1,0,0,0,0,0,0,0,0,0,0,0,0,0,0,"2000 E 75TH ST60649
(41.75886982938738, -87.57574285846698)"
14,DAVIS (DR. NATHAN) SQUARE,4430 S MARSHFIELD AVE,60609,8.13,12,COMMUNITY PARK,Davis (Nathan) Square,0,0,0,1,0,0,4,2,0,0,0,0,0,0,0,0,2,0,0,0,0,1,0,0,0,0,0,0,0,0,0,0,2,0,0,3,0,0,1,0,0,1,0,0,0,0,0,0,0,0,1,0,0,0,0,0,0,0,0,0,0,0,0,0,0,0,"4430 S MARSHFIELD AVE60609
(41.81348537013874, -87.66638793017678)"
272,SMITH (WENDELL),9912 S PRINCETON AVE,60628,4.72,21,NEIGHBORHOOD PARK,Smith (Wendell),0,0,0,0,0,0,4,2,0,0,0,0,0,0,0,0,0,0,0,0,0,0,0,0,0,0,0,0,0,0,0,0,0,0,0,2,0,0,0,0,0,1,0,0,0,0,0,0,0,0,0,0,0,0,0,0,0,0,0,0,0,0,0,0,0,0,"9912 S PRINCETON AVE60628
(41.71392351300701, -87.63095373434795)"
494,WASHINGTON (HAROLD),5200 S HYDE PARK BLVD,60615,12.97,4,NEIGHBORHOOD PARK,Washington (Harold),0,0,0,0,0,0,0,0,0,0,0,0,0,0,0,0,0,0,0,0,0,0,0,0,0,0,0,0,0,0,0,0,0,0,0,0,0,0,0,0,0,1,0,0,0,0,0,0,0,0,1,0,8,0,0,0,0,0,0,0,0,0,0,0,1,0,"5200 S HYDE PARK BLVD60615
(41.801045614422165, -87.58465923203076)"
1004,BRADLEY (JOSEPHINE),9729 S YATES AVE,60617,4.07,10,NEIGHBORHOOD PARK,Bradley,0,0,0,0,0,0,2,1,0,0,0,0,0,0,0,0,1,0,0,0,0,0,0,0,0,0,0,0,0,0,0,0,0,0,0,2,0,0,0,0,0,1,0,0,0,0,0,0,0,0,0,0,2,0,1,0,0,0,0,0,0,0,0,0,0,0,"9729 S YATES AVE60617
(41.718412888271324, -87.56457023147516)"
167,CHIPPEWA,6758 N SACRAMENTO AVE,60645,2.78,50,NEIGHBORHOOD PARK,Chippewa,0,0,0,0,0,0,2,2,0,0,0,0,0,0,0,0,0,0,0,0,0,0,0,0,0,0,0,0,0,0,0,0,0,0,0,0,0,0,0,0,0,1,0,0,0,0,0,0,0,0,1,0,0,0,0,0,0,0,0,0,0,0,0,0,0,0,"6758 N SACRAMENTO AVE60645
(42.00400392568023, -87.70465195350572)"
446,LAMB (HAROLD),1400 W 109TH ST,60643,0.97,34,NEIGHBORHOOD PARK,Lamb,0,0,0,0,0,0,2,1,0,0,0,0,0,0,0,0,0,0,0,0,0,0,0,0,0,0,0,0,0,0,0,0,0,0,0,0,0,0,0,0,0,1,0,0,0,0,0,0,0,0,0,0,0,0,0,0,0,0,0,0,0,0,0,0,0,0,"1400 W 109TH ST60643
(41.69586445812372, -87.65709249434097)"
166,POTTAWATTOMIE,7340 N ROGERS AVE,60626,8.79,49,COMMUNITY PARK,Pottawattomie,0,0,0,0,0,0,4,2,0,0,0,0,0,0,0,0,1,0,0,0,0,1,0,0,0,0,0,0,1,0,0,0,0,0,0,2,0,0,0,0,0,1,0,0,0,0,0,0,0,0,1,1,2,0,0,0,0,0,0,0,0,0,0,0,0,0,"7340 N ROGERS AVE60626
(42.014485477971654, -87.6787052507677)"
492,ARMSTRONG (LILLIAN HARDIN),4433 S ST LAWRENCE,60653,8.6,4,COMMUNITY PARK,Armstrong,0,0,0,0,0,0,4,2,0,0,0,0,0,0,0,0,1,0,0,0,0,0,0,0,0,0,0,0,0,0,0,0,0,0,0,2,0,0,0,0,0,1,0,0,0,0,0,0,0,0,0,0,0,0,0,0,0,0,0,0,0,0,0,0,0,0,"4433 S ST LAWRENCE60653
(41.81393162857975, -87.61145257495754)"
268,DURKIN (MARTIN),8441 S KOLIN AVE,60652,12.8,18,COMMUNITY PARK,Durkin,0,0,0,0,0,0,0,0,0,0,0,0,0,0,0,0,1,0,0,0,0,0,1,0,0,0,0,0,0,0,0,0,0,0,0,3,0,0,0,0,0,1,0,0,0,0,0,0,0,1,1,1,0,0,0,0,0,0,0,0,0,0,0,0,0,0,"8441 S KOLIN AVE60652
(41.73944590077046, -87.73000671682766)"
211,SKINNER (MARK),1331 W  MONROE ST,60606,7.32,27,COMMUNITY PARK,Skinner,0,0,0,0,0,0,4,2,0,0,0,0,0,0,0,0,1,0,0,0,0,0,0,0,1,0,0,0,0,0,0,0,0,0,0,2,0,0,0,0,0,1,0,0,0,0,0,0,0,0,1,0,0,0,0,0,0,0,0,0,0,0,0,0,0,0,"1331 W MONROE ST60606
(41.881730000000005, -87.63661000000002)"
365,BAULER (MATHIAS),517 W WISCONSIN ST,60614,0.64,43,NEIGHBORHOOD PARK,Bauler,0,0,0,0,0,0,0,0,0,0,0,0,0,0,0,0,0,0,0,0,0,0,0,0,0,0,0,0,0,0,0,0,0,0,0,0,0,0,0,0,0,1,0,0,0,0,0,0,0,0,0,0,0,0,0,0,0,0,0,0,0,0,0,0,0,0,"517 W WISCONSIN ST60614
(41.91640320580103, -87.64189713681426)"
132,GREENBAUM (HENRY),1729 N KILDARE AVE,60639,1.65,30,NEIGHBORHOOD PARK,Greenbaum,0,0,0,0,0,0,2,1,0,0,0,0,0,0,0,0,0,0,0,0,0,0,0,0,0,0,0,0,0,0,0,0,0,0,0,1,0,0,0,0,0,1,0,0,1,0,0,0,0,0,1,0,0,0,0,0,0,0,0,0,0,0,0,0,0,0,"1729 N KILDARE AVE60639
(41.912226924319704, -87.73363773298594)"
227,SENN (NICHOLAS),5887 N RIDGE AVE,60660,8.13,48,COMMUNITY PARK,Senn,0,0,0,1,0,0,4,3,0,0,0,0,0,0,0,0,0,1,0,0,0,0,0,0,0,0,0,0,0,0,0,0,0,0,0,0,0,0,0,0,0,1,0,0,0,0,0,0,0,0,1,0,1,0,0,0,0,0,0,0,0,0,0,0,0,0,"5887 N RIDGE AVE60660
(41.98895978601249, -87.66866128477935)"
487,BRONCHO BILLY,4437 N MAGNOLIA AVE,60640,0.2,46,MINI-PARK,Broncho Billy,0,0,0,0,0,0,2,1,0,0,0,0,0,0,0,0,0,0,0,0,0,0,0,0,0,0,0,0,0,0,0,0,0,0,0,0,0,0,0,0,0,1,0,0,0,0,0,0,0,0,1,0,0,0,0,0,0,0,0,0,0,0,0,0,0,0,"4437 N MAGNOLIA AVE60640
(41.9623905332709, -87.66084729554854)"
1051,MORAN (TERRANCE),5727 S RACINE AVE,60621,1.71,16,NEIGHBORHOOD PARK,Moran,0,0,0,0,0,0,2,1,0,0,0,0,0,0,0,0,0,0,0,0,0,0,0,0,0,0,0,0,0,0,0,0,3,0,0,0,0,0,0,0,0,1,0,0,0,0,0,0,0,0,1,0,0,0,0,0,0,0,0,0,0,0,0,0,0,0,"5727 S RACINE AVE60621
(41.776039999999966, -87.63983999999999)"
80,ATHLETIC FIELD,3546 W ADDISON ST,60618,3.87,35,NEIGHBORHOOD PARK,Athletic Field,0,0,0,0,0,0,2,1,0,0,0,0,0,0,0,0,0,0,0,0,0,0,0,0,0,0,0,0,0,0,0,0,0,0,0,3,0,0,0,0,0,1,0,0,0,0,0,0,0,0,1,0,2,0,0,0,0,0,0,0,0,0,0,0,0,0,"3546 W ADDISON ST60618
(41.94658165070525, -87.71667626407998)"
140,PLEASANT POINT,6813 W IMLAY ST,60631,1.89,41,NEIGHBORHOOD PARK,Pleasant Point,0,0,0,0,0,0,4,1,0,0,0,0,0,0,0,0,0,0,0,0,0,0,0,0,0,0,0,0,0,0,0,0,0,0,0,0,0,0,0,0,0,1,0,0,0,0,0,0,0,0,1,0,0,0,0,0,0,0,0,0,0,0,0,0,0,0,"6813 W IMLAY ST60631
(41.998714681026634, -87.79744009353237)"
230,PIOTROWSKI (LILLIAN),4200 W 31ST ST,60623,22.93,22,REGIONAL PARK,Piotrowski,0,0,0,1,0,0,0,0,0,0,0,0,0,0,0,0,1,0,0,0,0,1,0,0,0,0,0,0,1,0,0,0,0,0,0,4,0,0,1,0,0,1,0,0,0,0,0,1,0,0,1,2,3,0,1,1,0,0,0,0,0,0,0,0,0,0,"4200 W 31ST ST60623
(41.83689532007749, -87.72922973800664)"
497,STARR (ELLEN GATES),2306 W MAYPOLE AVE,60612,2,27,NEIGHBORHOOD PARK,Starr,0,0,0,0,0,0,0,0,0,0,0,0,0,0,0,0,0,0,0,0,0,0,0,0,0,0,0,0,0,0,0,0,0,0,0,0,0,0,0,0,0,1,0,0,0,0,0,0,0,0,0,0,0,0,0,0,0,0,0,0,0,0,0,0,0,0,"2306 W MAYPOLE AVE60612
(41.88392882481387, -87.6855441921161)"
308,LINDEN,1139 N PULASKI RD,60651,0.5,31,NEIGHBORHOOD PARK,Linden,0,0,0,0,0,0,2,1,0,0,0,0,0,0,0,0,0,0,0,0,0,0,0,0,0,0,0,0,0,0,0,0,0,0,0,0,0,0,0,0,0,1,0,0,0,0,0,0,0,0,1,0,0,0,0,0,0,0,0,0,0,0,0,0,0,0,"1139 N PULASKI RD60651
(41.901548651261926, -87.72617931605436)"
257,WILDWOOD,6950 N HIAWATHA AVE,60646,9.22,41,COMMUNITY PARK,Wildwood,0,0,0,0,0,0,4,1,0,0,0,0,0,0,0,0,1,0,0,0,0,0,0,0,0,0,0,0,1,0,0,0,0,0,0,3,0,0,0,0,0,1,0,0,0,0,0,0,0,0,1,1,2,0,0,0,0,0,0,0,0,0,0,0,0,0,"6950 N HIAWATHA AVE60646
(42.00721071322317, -87.77808245617607)"
534,PARK NO. 534,1300 S ST LOUIS AVE,60623,3.17,24,NEIGHBORHOOD PARK,Park No. 534,0,0,0,0,0,0,0,0,0,0,0,0,0,0,0,0,0,0,0,0,0,0,0,0,0,0,0,0,0,0,0,0,0,0,0,0,0,0,0,0,0,1,0,0,0,0,0,0,0,0,1,0,0,0,0,0,0,0,0,0,0,0,0,0,0,0,"1300 S ST LOUIS AVE60623
(41.86406212882867, -87.71297097741018)"
1213,ELLIS (SAMUEL),600 E 37TH ST,60653,9.86,2,COMMUNITY PARK,Ellis,0,0,0,0,0,0,4,2,0,0,0,0,0,0,0,0,1,0,0,0,0,0,0,0,0,0,0,0,0,0,0,0,0,0,0,3,0,0,0,0,0,1,0,0,0,0,0,0,0,0,0,0,2,0,0,0,0,0,0,0,0,0,0,0,0,0,"600 E 37TH ST60653
(41.827592483723315, -87.61155399897748)"
481,TOM (PING) MEML.,300 W 18TH ST,60616,17.36,1,PASSIVE PARK,Ping Tom Memorial,0,0,0,0,0,0,0,0,0,0,0,0,0,0,0,0,0,0,0,0,0,0,0,0,0,0,0,0,0,0,0,0,0,0,0,1,0,0,0,0,0,1,0,0,0,0,0,0,0,0,0,0,0,0,0,0,0,0,0,0,0,0,0,0,0,0,"300 W 18TH ST60616
(41.85777542854532, -87.63451185843203)"
1012,O'HALLAREN (BERNARD),8335 S HONORE ST,60620,8.2,18,COMMUNITY PARK,O'Hallaren (Bernard),0,0,0,0,0,0,4,2,0,0,0,0,0,0,0,0,1,0,0,0,0,0,0,0,0,0,0,0,0,0,0,0,0,0,0,3,0,0,0,0,0,1,0,0,0,0,0,0,0,0,1,0,2,0,1,0,0,0,0,0,0,0,0,0,0,0,"8335 S HONORE ST60620
(41.74361067160154, -87.66925588680479)"
504,MANDRAKE (HENRY BROWN),900 E PERSHING RD.,60653,9.31,4,COMMUNITY PARK,Mandrake,0,0,0,0,0,0,4,2,0,0,0,0,0,0,0,0,0,0,0,0,0,0,0,0,0,0,0,0,0,0,0,0,0,0,0,2,0,0,0,0,0,1,0,0,0,0,0,0,0,0,0,0,2,1,0,0,0,0,0,0,0,0,0,0,0,0,"900 E PERSHING RD.60653
(41.82435636976093, -87.60512717223385)"
1010,KENWOOD COMM.,1330 E 50TH ST,60615,9.46,4,COMMUNITY PARK,Kenwood Comm.,0,0,0,0,0,0,0,0,0,0,0,0,0,0,0,0,1,1,0,0,0,0,0,0,0,0,0,0,0,0,0,0,0,0,0,2,0,0,0,0,0,1,0,0,0,0,0,0,0,1,1,2,2,0,0,0,0,0,0,0,0,0,0,0,0,0,"1330 E 50TH ST60615
(41.80425749043362, -87.59437365881377)"
1248,HARTIGAN (DAVID) BEACH,1040 W ALBION AVE,60626,2.16,49,NEIGHBORHOOD PARK,Hartigan Beach,0,0,0,0,0,0,0,0,1,0,0,0,0,0,0,0,0,0,0,0,0,0,0,0,0,0,0,0,0,0,0,0,0,0,0,0,0,0,0,0,0,1,0,0,0,0,0,0,0,0,0,0,0,0,0,0,0,0,0,0,0,0,0,0,0,0,"1040 W ALBION AVE60626
(42.00256811288705, -87.65783297330148)"
207,AUSTIN TOWN HALL,5610 W LAKE ST,60644,3.21,29,COMMUNITY PARK,Austin Town Hall,0,0,0,0,0,0,4,1,0,0,0,0,0,0,0,0,0,0,0,0,0,1,0,0,0,0,0,0,1,0,0,0,0,0,1,0,0,0,0,0,0,1,0,0,0,0,0,0,0,0,0,0,0,0,0,0,0,0,0,0,0,0,0,0,0,0,"5610 W LAKE ST60644
(41.88779348438025, -87.76546739486766)"
240,ROGERS (PHILLIP),7345 N WASHTENAW AVE,60645,25.82,50,REGIONAL PARK,Rogers (Phillip),0,0,0,0,0,0,0,0,0,0,0,0,0,0,0,0,3,0,0,0,0,0,0,0,0,0,0,0,0,0,0,0,0,0,0,4,0,0,0,0,0,1,0,0,0,0,0,0,0,0,0,2,4,0,0,0,0,0,0,0,0,0,0,0,0,0,"7345 N WASHTENAW AVE60645
(42.01502331891614, -87.69722502596593)"
41,FIELD (EUGENE),5100 N RIDGEWAY AVE,60625,15.78,39,COMMUNITY PARK,Field,0,0,0,0,0,0,2,1,0,0,0,0,0,0,0,0,1,1,0,1,0,0,0,0,0,0,0,0,1,0,0,0,0,0,0,1,0,0,0,0,0,1,0,0,0,0,0,0,0,0,1,1,5,0,0,0,0,0,1,0,0,0,0,0,0,0,"5100 N RIDGEWAY AVE60625
(41.97296093636328, -87.72208214625773)"
271,TAYLOR (ROBERT ROCHON),100 W 47TH ST,60609,9.02,3,COMMUNITY PARK,Taylor,0,0,0,0,0,0,5,2,0,0,0,0,0,0,0,0,2,0,0,0,0,1,0,0,0,0,0,0,1,0,0,0,0,0,0,3,0,0,1,0,0,1,0,0,0,0,0,0,0,0,0,1,1,0,0,0,0,1,0,0,0,0,0,0,0,0,"100 W 47TH ST60609
(41.80925041646639, -87.62819622096008)"
1015,SMITH (JOSEPH HIGGINS),2526 W GRAND AVE,60612,9.82,27,COMMUNITY PARK,Smith (Joseph Higgins),0,0,0,0,0,0,0,0,0,0,0,0,0,0,0,0,1,0,0,0,0,0,0,0,0,0,0,0,1,0,0,0,0,0,0,2,0,0,1,0,0,1,0,0,0,0,0,0,0,0,1,1,2,0,0,0,0,0,0,0,0,0,0,0,0,0,"2526 W GRAND AVE60612
(41.89168458380353, -87.6898317695816)"
1278,WALNUT,3801 W 45TH ST,60632,0.53,12,NEIGHBORHOOD PARK,Walnut,0,0,0,0,0,0,0,0,0,0,0,0,0,0,0,0,0,0,0,0,0,0,0,0,0,0,0,0,0,0,0,0,0,0,0,0,0,0,0,0,0,1,0,0,0,0,0,0,0,1,0,0,0,0,0,0,0,0,0,0,0,0,0,0,0,0,"3801 W 45TH ST60632
(41.811541485828116, -87.71908521574412)"
48,KENNEDY (DENNIS),11320 S WESTERN AVE,60655,18.16,19,COMMUNITY PARK,Kennedy,0,0,0,0,0,0,0,0,0,0,0,0,0,0,0,0,1,0,0,0,0,0,0,0,0,0,0,0,0,0,0,0,0,0,0,5,0,0,1,0,0,1,0,0,1,0,0,0,0,0,0,1,4,0,0,0,0,0,0,0,0,0,0,0,0,0,"11320 S WESTERN AVE60655
(41.694140000000004, -87.70328999999987)"
1274,SYCAMORE,5109 S GREENWOOD AVE,60615,0.56,4,NEIGHBORHOOD PARK,Sycamore,0,0,0,0,0,0,0,0,0,0,0,0,0,0,0,0,0,0,0,0,0,0,0,0,0,0,0,0,0,0,0,0,0,0,0,0,0,0,0,0,0,1,0,0,0,0,0,0,0,0,0,0,0,0,0,0,0,0,0,0,0,0,0,0,0,0,"5109 S GREENWOOD AVE60615
(41.802195375235904, -87.59972330742981)"
236,ROBINSON (JACKIE),10540 S MORGAN ST,60643,16.79,34,REGIONAL PARK,Robinson,0,0,0,0,0,0,4,1,0,0,0,0,0,0,0,0,0,0,0,0,0,0,0,0,0,0,0,0,0,0,0,0,0,0,0,2,0,0,0,0,0,1,0,0,0,0,0,0,0,0,0,2,0,0,0,0,0,0,0,0,0,0,0,0,0,0,"10540 S MORGAN ST60643
(41.702483087590934, -87.64760634977873)"
238,WENTWORTH (JOHN),5625 S MOBILE AVE,60638,20.11,23,REGIONAL PARK,Wentworth (John),0,0,0,0,0,0,6,3,0,0,0,0,0,0,0,0,1,0,0,0,0,0,0,0,0,0,0,0,0,0,0,0,0,0,0,2,0,0,0,0,0,1,0,0,0,0,0,0,0,0,1,2,4,0,0,0,0,0,0,0,0,0,0,0,0,0,"5625 S MOBILE AVE60638
(41.79046438880159, -87.77920389052484)"
40,GOMPERS (SAMUEL),4222 W FOSTER AVE,60630,38.69,39,REGIONAL PARK,Gompers,0,0,0,0,0,0,2,1,0,0,0,0,0,0,1,0,1,0,0,0,0,0,0,0,0,0,0,0,1,0,0,0,0,0,0,3,0,0,1,0,0,1,0,0,0,0,0,0,0,1,1,0,5,0,0,0,0,0,1,1,0,0,0,0,0,0,"4222 W FOSTER AVE60630
(41.975522920336786, -87.73484282785677)"
1065,"TOUHY-HERBERT (JOHN, VICTOR)",2106 W ADAMS ST,60612,2.98,27,NEIGHBORHOOD PARK,Touhy-Herbert,0,0,0,0,0,0,4,2,0,0,0,0,0,0,0,0,0,0,0,0,0,0,0,0,0,0,0,0,0,0,0,0,0,0,0,1,0,0,0,0,0,1,0,0,0,0,0,0,0,0,1,0,0,0,0,0,0,0,0,0,0,0,0,0,0,0,"2106 W ADAMS ST60612
(41.878737322936864, -87.6792048953952)"
104,EMMERSON (LOUIS),1820 W GRANVILLE AVE,60660,2.34,50,NEIGHBORHOOD PARK,Emmerson,0,0,0,0,0,0,2,1,0,0,0,0,0,0,0,0,0,0,0,0,0,0,0,0,0,0,0,0,0,0,0,0,0,0,0,0,0,0,0,0,0,1,0,0,0,0,0,0,0,0,1,0,2,0,0,0,0,0,0,0,0,0,0,0,0,0,"1820 W GRANVILLE AVE60660
(41.99438413103115, -87.67579531743584)"
24,GRANT (ULYSSES),331 E RANDOLPH ST,60605,324.7,2,MAGNET PARK,Grant,0,0,0,0,1,0,0,0,0,0,0,0,0,0,0,0,0,0,0,0,1,0,0,0,2,0,0,0,0,0,0,0,0,1,0,16,0,0,0,0,0,1,0,0,2,0,0,1,0,0,0,0,18,0,0,0,0,0,0,0,0,0,1,0,0,0,"331 E RANDOLPH ST60605
(41.86725000000007, -87.62087999999994)"
225,WEST PULLMAN,400 W 123RD ST,60628,15.64,9,REGIONAL PARK,West Pullman,0,0,0,0,0,0,2,1,0,0,0,0,0,0,0,0,1,0,0,0,0,1,0,0,0,0,0,0,1,0,0,0,0,0,1,2,0,0,0,0,0,1,0,0,0,0,0,0,0,0,1,1,5,0,0,0,0,0,0,0,0,0,0,0,0,0,"400 W 123RD ST60628
(41.67069216787331, -87.632054536857)"
83,INDEPENDENCE,3945 N SPRINGFIELD AVE,60618,7.86,35,COMMUNITY PARK,Independence,0,0,0,0,0,0,0,0,0,0,0,0,0,0,0,0,1,0,0,0,0,1,0,0,0,0,0,0,1,0,0,0,0,0,1,3,0,0,0,0,0,1,0,0,0,0,0,0,0,0,1,0,4,0,0,0,0,0,0,0,0,0,0,0,0,0,"3945 N SPRINGFIELD AVE60618
(41.95265061044733, -87.72498260674732)"
1149,SAINT LOUIS,347 N ST LOUIS AVE,60624,0.37,28,MINI-PARK,Saint Louis,0,0,0,0,0,0,2,1,0,0,0,0,0,0,0,0,0,0,0,0,0,0,0,0,0,0,0,0,0,0,0,0,0,0,0,0,0,0,0,0,0,1,0,0,0,0,0,0,0,0,1,0,0,0,0,0,0,0,0,0,0,0,0,0,0,0,"347 N ST LOUIS AVE60624
(41.88757806575711, -87.7135424757697)"
546,PARK NO. 546,450 E. BENTON PLACE,60611,4.57,42,NEIGHBORHOOD PARK,Park No. 546,0,0,0,0,0,0,0,0,0,0,0,0,0,0,0,0,0,0,0,0,1,0,0,0,0,0,0,0,0,0,0,0,0,0,0,0,0,0,0,0,0,1,0,0,0,0,0,0,0,0,0,0,0,0,0,0,0,0,0,0,0,0,0,0,0,0,"450 E. BENTON PLACE60611
(41.89472000000006, -87.61860999999999)"
130,GALEWOOD,5729 W BLOOMINGDALE AVE,60639,2.12,30,NEIGHBORHOOD PARK,Galewood,0,0,0,0,0,0,3,2,0,0,0,0,0,0,0,0,1,0,0,0,0,0,0,0,0,0,0,0,0,0,0,0,0,0,0,2,0,0,0,0,0,1,0,0,0,0,0,0,0,0,1,0,0,0,1,0,0,0,0,0,0,0,0,0,0,0,"5729 W BLOOMINGDALE AVE60639
(41.91256404513937, -87.7686996000414)"
1044,LOWE (SAMUEL),5203 S LOWE AVE,60609,3.89,3,NEIGHBORHOOD PARK,Lowe,0,0,0,0,0,0,2,1,0,0,0,0,0,0,0,0,1,0,0,0,0,0,0,0,0,0,0,0,0,0,0,0,0,0,0,1,0,0,0,0,0,1,0,0,0,0,0,0,0,0,1,1,0,0,0,0,0,0,0,0,0,0,0,0,0,0,"5203 S LOWE AVE60609
(41.799777507286436, -87.64157911032324)"
86,MAYFAIR,4550 W SUNNYSIDE AVE,60630,2.75,45,NEIGHBORHOOD PARK,Mayfair,0,0,0,0,0,0,4,1,0,0,0,0,0,0,0,0,1,0,0,0,0,0,0,0,0,0,0,0,0,0,0,0,0,0,0,2,0,0,0,0,0,1,0,0,0,0,0,0,0,0,1,0,0,0,0,0,0,0,0,0,0,0,0,0,0,0,"4550 W SUNNYSIDE AVE60630
(41.96266147294383, -87.74196948402287)"
75,HOLLYWOOD,3312 W THORNDALE AVE,60659,6.48,39,COMMUNITY PARK,Hollywood,0,0,0,0,0,0,2,1,0,0,0,0,0,0,0,0,1,0,0,0,0,0,0,0,0,0,0,0,0,0,0,0,0,0,0,2,0,0,0,0,0,1,0,0,0,0,0,0,0,0,1,0,1,0,0,0,0,0,0,0,0,0,0,0,0,0,"3312 W THORNDALE AVE60659
(41.98852156624821, -87.71220310536248)"
175,RIDGE,9625 S LONGWOOD DR,60643,9.32,19,COMMUNITY PARK,Ridge,0,0,0,0,0,0,0,0,0,0,0,0,0,0,0,0,1,0,0,0,0,1,0,1,0,0,0,0,1,0,0,0,0,0,1,3,0,0,0,0,0,1,0,0,0,0,0,0,0,0,0,0,2,0,0,0,0,0,0,0,0,0,0,0,0,0,"9625 S LONGWOOD DR60643
(41.71872962985179, -87.6689812315562)"
1212,GREEN (JEFFERY),6500 N ALGONQUIN AVE,60646,1.07,39,NEIGHBORHOOD PARK,Green,0,0,0,0,0,0,2,1,0,0,0,0,0,0,0,0,0,0,0,0,0,0,0,0,0,0,0,0,0,0,0,0,0,0,0,0,0,0,0,0,0,1,0,0,0,0,0,0,0,0,0,0,0,0,0,0,0,0,0,0,0,0,0,0,0,0,"6500 N ALGONQUIN AVE60646
(41.99949253448022, -87.76617078882731)"
115,LOYOLA,1230 W GREENLEAF AVE,60626,21.62,49,REGIONAL PARK,Loyola,0,0,0,0,0,0,2,1,1,0,0,0,0,0,0,0,1,1,0,0,0,0,0,0,0,0,0,0,1,0,0,0,0,0,0,1,0,0,0,0,0,1,0,0,0,0,3,0,0,0,0,1,4,0,0,0,0,1,0,0,0,0,0,0,0,0,"1230 W GREENLEAF AVE60626
(42.01048498319744, -87.66117255469756)"
363,BURNSIDE (AMBROSE),9400 S GREENWOOD AVE,60619,5.92,8,COMMUNITY PARK,Burnside,0,0,0,0,0,0,2,1,0,0,0,0,0,0,0,0,0,0,0,0,0,0,0,0,0,0,0,0,0,0,0,0,0,0,0,2,0,0,0,0,0,1,0,0,0,0,0,0,0,0,1,0,0,0,0,0,0,0,0,0,0,0,0,0,0,0,"9400 S GREENWOOD AVE60619
(41.74405000000007, -87.60523)"
1046,MARSHFIELD,1637 W 87TH ST,60620,0.76,21,NEIGHBORHOOD PARK,Marshfield,0,0,0,0,0,0,2,1,0,0,0,0,0,0,0,0,0,0,0,0,0,0,0,0,0,0,0,0,0,0,0,0,0,0,0,0,0,0,0,0,0,1,0,0,0,0,0,0,0,0,1,0,0,0,0,0,0,0,0,0,0,0,0,0,0,0,"1637 W 87TH ST60620
(41.73572783213457, -87.66433357527991)"
1164,MASON (ELIZABETH),4100 W WEST END AVE,60624,0.79,28,NEIGHBORHOOD PARK,Mason,0,0,0,0,0,0,0,0,0,0,0,0,0,0,0,0,0,0,0,0,0,0,0,0,0,0,0,0,0,0,0,0,0,0,0,0,0,0,0,0,0,1,0,0,0,0,0,0,0,0,1,0,0,0,0,0,0,0,0,0,0,0,0,0,0,0,"4100 W WEST END AVE60624
(41.883390005705806, -87.72825294950475)"
422,PARK NO. 422,3200 W CONGRESS PKWY,60624,0.54,28,NEIGHBORHOOD PARK,Park No. 422,0,0,0,0,0,0,0,0,0,0,0,0,0,0,0,0,0,0,0,0,0,0,0,0,0,0,0,0,0,0,0,0,0,0,0,0,0,0,0,0,0,1,0,0,0,0,0,0,0,0,1,0,0,0,0,0,0,0,0,0,0,0,0,0,0,0,"3200 W CONGRESS PKWY60624
(41.87497055616511, -87.70603438473195)"
127,RUTHERFORD SAYRE,6871 W BELDEN AVE,60635,12.33,36,COMMUNITY PARK,Rutherford Sayre,0,0,0,0,0,0,0,0,0,0,0,0,0,0,0,0,1,0,0,0,0,1,0,0,1,0,0,0,1,0,0,0,0,0,0,2,0,0,0,0,0,1,0,0,0,0,0,0,0,1,1,0,2,0,0,0,0,0,0,0,0,0,0,0,0,0,6871 W BELDEN AVE60635
385,BUTTERCUP,4913 N SHERIDAN RD,60640,0.88,48,NEIGHBORHOOD PARK,Buttercup,0,0,0,0,0,0,0,0,0,0,0,0,0,0,0,0,0,0,0,0,0,0,0,0,0,0,0,0,0,0,0,0,0,0,0,0,0,0,0,0,0,1,0,0,0,0,0,0,0,0,0,0,0,0,0,0,0,0,0,0,0,0,0,0,0,0,"4913 N SHERIDAN RD60640
(41.9718113101341, -87.65481730716724)"
335,EDGEBROOK,6525 N HIAWATHA AVE,60646,9.34,39,COMMUNITY PARK,Edgebrook,0,0,0,0,0,0,4,2,0,0,0,0,0,0,0,0,1,0,0,0,0,0,0,0,0,0,0,0,0,0,0,0,0,0,0,3,0,0,0,0,0,1,0,0,0,0,0,0,0,0,0,1,0,0,0,0,0,0,0,0,0,0,0,0,0,0,"6525 N HIAWATHA AVE60646
(41.99942354908312, -87.76188983398535)"
466,ROOSEVELT (THEODORE),62 W ROOSEVELT RD,60605,1.64,1,NEIGHBORHOOD PARK,Roosevelt,0,0,0,0,0,0,0,0,0,0,0,0,0,0,0,0,0,0,0,0,0,0,0,0,0,0,0,0,0,0,0,0,0,0,0,0,0,0,0,0,0,1,0,0,0,0,0,0,0,0,0,0,3,0,0,0,0,0,0,0,0,0,0,0,0,0,"62 W ROOSEVELT RD60605
(41.867510438583324, -87.62930348865072)"
452,PETERSON (PEHR SAMUEL),5801 N PULASKI RD,60646,22.24,39,REGIONAL PARK,Peterson,0,0,0,0,0,0,6,2,0,0,0,0,0,0,0,0,2,0,0,0,0,1,0,0,0,0,0,0,1,1,0,0,0,0,0,2,0,0,0,0,0,2,0,0,0,0,0,0,0,0,0,0,4,0,0,0,0,0,0,0,0,0,0,0,0,0,"5801 N PULASKI RD60646
(41.98585720184405, -87.72842767593355)"
1122,LUELLA,10021 S LUELLA AVE,60617,1.2,10,NEIGHBORHOOD PARK,Luella,0,0,0,0,0,0,2,1,0,0,0,0,0,0,0,0,0,0,0,0,0,0,0,0,0,0,0,0,0,0,0,0,0,0,0,0,0,0,0,0,0,1,0,0,0,0,0,0,0,0,0,0,0,0,0,0,0,0,0,0,0,0,0,0,0,0,"10021 S LUELLA AVE60617
(41.71307146016826, -87.56811112487028)"
60,OLYMPIA,6566 N AVONDALE AVE,60631,10.19,41,COMMUNITY PARK,Olympia,0,0,0,0,0,0,4,1,0,0,0,0,0,0,0,0,1,0,0,0,0,0,0,0,0,0,0,0,1,0,0,0,0,0,0,2,0,0,0,0,0,1,0,0,0,0,0,0,0,0,1,1,3,0,0,0,0,0,0,0,0,0,0,0,0,0,"6566 N AVONDALE AVE60631
(41.99967129216193, -87.81502964749822)"
1074,WRIGHTWOOD,2534 N GREENVIEW AVE,60614,4.25,32,NEIGHBORHOOD PARK,Wrightwood,0,0,0,0,0,0,8,2,0,0,0,0,0,0,0,0,1,0,0,0,0,0,0,0,0,0,0,0,0,0,0,0,0,0,0,1,0,0,1,0,0,1,0,0,1,0,0,0,0,0,0,0,0,1,0,0,0,0,0,0,0,0,0,0,0,0,"2534 N GREENVIEW AVE60614
(41.92752127772134, -87.66586711031468)"
123,RIIS (JACOB),6100 W FULLERTON AVE,60639,56.84,36,REGIONAL PARK,Riis,0,0,0,1,0,0,0,0,0,0,0,0,0,0,1,0,2,0,0,0,0,0,0,0,0,0,0,0,1,0,0,0,0,1,0,0,0,0,1,0,0,2,0,0,0,0,0,0,0,0,0,2,10,1,0,1,0,0,0,1,0,0,0,0,0,0,"6100 W FULLERTON AVE60639
(41.92386789074309, -87.7782028329214)"
1270,JONQUIL,1023 W WRIGHTWOOD AVE,60614,2.85,43,NEIGHBORHOOD PARK,Jonquil,0,0,0,0,0,0,0,0,0,0,0,0,0,0,0,0,0,0,0,0,0,0,0,0,0,0,0,0,0,0,0,0,0,0,0,1,0,0,0,0,0,1,0,0,0,0,0,0,0,0,0,0,2,0,0,0,0,0,0,0,0,0,0,0,0,0,"1023 W WRIGHTWOOD AVE60614
(41.928930069079584, -87.65427493421693)"
250,ARCHER (WILLIAM BEATTY),4901 S KILBOURN AVE,60632,13.22,23,COMMUNITY PARK,Archer,0,0,0,1,0,0,2,1,0,0,0,0,0,0,0,0,1,0,0,0,0,1,0,0,0,0,0,0,1,0,0,0,4,0,0,4,0,0,0,0,0,1,0,0,0,0,0,0,0,0,1,2,1,0,0,1,0,0,0,0,0,0,0,0,0,0,"4901 S KILBOURN AVE60632
(41.80399883062354, -87.73562247741008)"
216,DVORAK (ANTON),1119 W CULLERTON ST,60608,5.63,25,COMMUNITY PARK,Dvorak,0,0,0,0,0,0,2,1,0,0,0,0,0,0,0,0,2,0,0,0,0,0,0,0,0,0,0,0,1,0,0,0,0,0,0,1,0,0,1,0,0,2,0,0,0,0,0,0,0,0,1,0,0,0,1,0,0,0,0,0,0,0,0,0,0,0,"1119 W CULLERTON ST60608
(41.855164484165776, -87.65389054340902)"
248,ROWAN (WILLIAM),11546 S AVENUE L,60617,17.62,10,REGIONAL PARK,Rowan,0,0,0,0,0,0,0,0,0,0,0,0,0,0,0,0,1,0,0,0,0,0,0,0,0,0,0,0,1,0,0,0,0,1,0,4,0,0,0,0,0,1,0,0,0,0,0,0,0,0,1,2,0,0,0,0,0,0,0,0,0,0,0,0,0,0,"11546 S AVENUE L60617
(41.685479923763985, -87.53653388213598)"
265,SCOTTSDALE,4620 W 83RD PL,60652,2.32,18,COMMUNITY PARK,Scottsdale,0,0,0,0,0,0,0,0,0,0,0,0,0,0,0,0,1,0,0,0,0,1,0,0,0,0,0,0,1,0,0,0,0,0,0,2,0,0,0,0,0,1,0,0,0,0,0,0,0,0,0,0,0,0,0,0,0,1,0,0,0,0,0,0,0,0,"4620 W 83RD PL60652
(41.74128808371455, -87.73658660340732)"
247,PASTEUR (LOUIS),5825 S KOSTNER AVE,60629,16.87,13,REGIONAL PARK,Pasteur,0,0,0,1,0,0,0,0,0,0,0,0,0,0,0,0,1,0,0,0,0,0,0,0,0,0,0,0,1,0,0,0,0,0,0,4,0,0,0,0,0,1,0,0,1,0,0,0,0,1,1,1,2,0,0,0,0,0,0,0,0,0,0,0,0,0,"5825 S KOSTNER AVE60629
(41.78713994386255, -87.73269479912462)"
85,KOLMAR,4143 N KOLMAR AVE,60641,0.87,45,NEIGHBORHOOD PARK,Kolmar,0,0,0,0,0,0,0,0,0,0,0,0,0,0,0,0,0,0,0,0,0,0,0,0,0,0,0,0,0,0,0,0,0,0,0,1,0,0,0,0,0,1,0,0,0,0,0,0,0,0,0,0,0,0,0,0,0,0,0,0,0,0,0,0,0,0,"4143 N KOLMAR AVE60641
(41.95603266149912, -87.74174200730903)"
233,VITTUM (HARRIET ELIZABETH),5014 W 50TH ST,60638,12.15,23,COMMUNITY PARK,Vittum,0,0,0,0,0,0,2,1,0,0,0,0,0,0,0,0,1,0,0,0,0,0,0,0,0,0,0,0,1,0,0,0,4,0,0,4,0,0,0,0,0,1,0,0,0,0,0,0,0,0,1,1,2,0,1,0,0,0,0,0,0,0,0,0,0,0,"5014 W 50TH ST60638
(41.80213530707324, -87.7485258650223)"
1037,DURSO (JOHN),421 W LOCUST ST,60610,1.29,42,NEIGHBORHOOD PARK,Durso,0,0,0,0,0,0,4,2,0,0,0,0,0,0,0,0,0,0,0,0,0,0,0,0,0,0,0,0,0,0,0,0,0,0,0,0,0,0,0,0,0,1,0,0,0,0,0,0,0,0,0,0,0,0,0,0,0,0,0,0,0,0,0,0,0,0,"421 W LOCUST ST60610
(41.89885112746819, -87.63962547412498)"
6,RUSSELL (MARTIN) SQUARE,3045 E 83RD ST,60617,11.47,7,COMMUNITY PARK,Russell Square,0,0,0,0,0,0,4,1,0,0,0,0,0,0,0,0,1,0,0,0,0,1,0,0,0,0,0,0,1,0,0,0,0,0,0,3,0,0,1,0,0,1,0,0,0,0,0,0,0,0,0,0,3,0,2,0,0,0,0,0,0,0,0,0,0,0,"3045 E 83RD ST60617
(41.74462719880706, -87.54986486051457)"
484,PARK NO. 484,4701 W MARQUETTE RD,60638,10,13,COMMUNITY PARK,Park No. 484,0,0,0,0,0,0,0,0,0,0,0,0,0,0,0,0,0,0,0,0,0,0,0,0,0,0,0,0,0,0,0,0,0,0,0,0,0,0,0,0,0,1,0,0,0,0,0,0,0,0,0,0,0,0,0,0,0,0,0,0,0,0,0,0,0,0,"4701 W MARQUETTE RD60638
(41.78109999999998, -87.77073999999999)"
121,"BELL (GEORGE,JR.)",3020 N OAK PARK AVE,60634,3.69,36,NEIGHBORHOOD PARK,Bell,0,0,0,0,0,0,0,1,0,0,0,0,0,0,0,0,1,0,0,0,0,0,0,0,0,0,0,0,0,0,0,0,0,0,0,2,0,0,0,0,0,1,0,0,0,0,0,0,0,0,1,0,2,0,1,0,0,0,0,0,0,0,0,0,0,0,"3020 N OAK PARK AVE60634
(41.93491518524245, -87.79566871618825)"
309,"SENKA (EDWARD ""DUKE"")",5656 S ST LOUIS AVE,60629,18.83,13,REGIONAL PARK,Senka,0,0,0,0,0,0,6,2,0,0,0,0,0,0,0,0,1,0,0,0,0,0,0,0,0,0,0,0,1,0,0,0,0,0,0,2,0,0,0,0,0,1,0,0,0,0,0,0,0,1,1,0,0,0,2,0,0,0,0,0,0,0,0,0,0,0,"5656 S ST LOUIS AVE60629
(41.790546871005034, -87.71088702891994)"
1057,PASCHEN (CHRISTIAN),1932 W LUNT AVE,60626,0.79,50,NEIGHBORHOOD PARK,Paschen,0,0,0,0,0,0,2,2,0,0,0,0,0,0,0,0,0,0,0,0,0,0,0,0,0,0,0,0,0,0,0,0,0,0,0,0,0,0,0,0,0,1,0,0,0,0,0,0,0,0,0,0,0,0,1,0,0,0,0,0,0,0,0,0,0,0,"1932 W LUNT AVE60626
(42.008947572165, -87.67892210312809)"
480,COTTON TAIL,44 W 15TH ST,60616,2.19,1,NEIGHBORHOOD PARK,Cotton Tail,0,0,0,0,0,0,0,0,0,0,0,0,0,0,0,0,0,0,0,0,0,0,0,0,0,0,0,0,0,0,0,0,0,0,0,0,0,0,0,0,0,1,0,0,0,0,0,0,0,0,0,0,0,0,0,0,0,0,0,0,0,0,0,0,0,0,"44 W 15TH ST60616
(41.845090000000084, -87.62737999999996)"
524,HARRIS (HARRIET),6200 S DREXEL AVE,60637,2.03,20,COMMUNITY PARK,Harris (Harriet),0,0,0,0,0,0,0,0,0,0,0,0,0,0,0,0,0,0,0,0,0,1,0,0,0,0,0,0,1,0,0,0,0,0,1,0,0,0,0,0,0,1,0,0,0,0,0,0,0,0,0,0,0,0,0,0,0,0,0,0,0,0,0,0,0,0,"6200 S DREXEL AVE60637
(41.78220555570679, -87.60443199086755)"
285,AUSTIN FOSTER,6020 W FOSTER AVE,60630,4.41,45,NEIGHBORHOOD PARK,Austin Foster,0,0,0,0,0,0,0,0,0,0,0,0,0,0,0,0,0,0,0,0,0,0,0,0,0,0,0,0,0,0,0,0,0,0,0,2,0,0,0,0,0,1,0,0,0,0,0,0,0,0,0,0,0,0,0,0,0,0,0,0,0,0,0,0,0,0,"6020 W FOSTER AVE60630
(41.97572569517331, -87.77889328426028)"
1063,BACK OF THE YARDS,4920 S THROOP ST,60609,0.99,11,NEIGHBORHOOD PARK,Back of the Yards,0,0,0,0,0,0,2,1,0,0,0,0,0,0,0,0,0,0,0,0,0,0,0,0,0,0,0,0,0,0,0,0,1,0,0,0,0,0,0,0,0,1,0,0,0,0,0,0,0,0,1,0,0,0,0,0,0,0,0,0,0,0,0,0,0,0,"4920 S THROOP ST60609
(41.80438996449631, -87.65763940588994)"
168,MATANKY (EUGENE),6937 N RIDGE BLVD,60626,0.41,49,MINI-PARK,Matanky,0,0,0,0,0,0,0,0,0,0,0,0,0,0,0,0,0,0,0,0,0,0,0,0,1,0,0,0,0,0,0,0,0,0,0,0,0,0,0,0,0,1,0,0,0,0,0,0,0,0,0,0,0,0,0,0,0,0,0,0,0,0,0,0,0,0,"6937 N RIDGE BLVD60626
(42.00988000000007, -87.66939999999994)"
103,CHASE (SALMON),4725 N ASHLAND AV,60640,4.57,47,COMMUNITY PARK,Chase,0,0,0,0,0,0,0,0,0,0,0,0,0,0,0,0,1,1,0,0,0,1,0,0,0,0,0,0,1,0,0,0,0,0,0,2,0,0,1,0,0,1,0,0,0,0,0,0,0,0,0,0,4,1,0,0,0,0,0,0,0,0,0,0,0,0,"4725 N ASHLAND AV60640
(41.96794833279387, -87.66934673951792)"
1026,CLARK (JOHN),4615 W JACKSON BLVD,60644,1.95,28,NEIGHBORHOOD PARK,Clark (John),0,0,0,0,0,0,2,1,0,0,0,0,0,0,0,0,1,0,0,0,0,0,0,0,0,0,0,0,0,0,0,0,0,0,0,1,0,0,1,0,0,1,0,0,0,0,0,0,0,0,0,0,0,0,0,0,0,0,0,0,0,0,0,0,0,0,"4615 W JACKSON BLVD60644
(41.87684232162447, -87.74119357376132)"
110,WELLES (GIDEON),2333 W SUNNYSIDE AVE,60625,15.1,47,REGIONAL PARK,Welles,0,0,0,0,0,0,0,0,0,0,0,0,0,0,0,0,1,0,0,0,0,1,0,0,0,0,0,0,1,0,0,0,10,0,1,6,0,0,0,0,0,1,0,0,1,0,0,0,0,0,0,0,3,0,0,0,0,0,0,0,0,0,0,0,0,0,"2333 W SUNNYSIDE AVE60625
(41.963097217331324, -87.6873544283728)"
27,BURNHAM (DANIEL),425 E MCFETRIDGE DR,60616,609.29,5,MAGNET PARK,Burnham,0,0,0,0,0,0,14,5,2,1,0,1,0,0,0,0,0,0,0,0,0,0,0,0,0,0,0,0,0,0,0,0,0,0,0,1,0,0,0,0,0,5,0,0,0,0,0,1,0,0,0,1,0,0,0,0,0,0,0,0,0,0,0,0,0,0,"425 E MCFETRIDGE DR60616
(41.845090000000084, -87.62737999999996)"
1159,THROOP (AMOS GAGER),1811 S THROOP ST,60608,0.64,25,NEIGHBORHOOD PARK,Throop,0,0,0,0,0,0,2,1,0,0,0,0,0,0,0,0,0,0,0,0,0,0,0,0,0,0,0,0,0,0,0,0,0,0,0,0,0,0,0,0,0,1,0,0,0,0,0,0,0,0,1,0,0,0,0,0,0,0,0,0,0,0,0,0,0,0,"1811 S THROOP ST60608
(41.85758078907663, -87.65876903062718)"
213,HARRISON (CARTER),1824 S WOOD ST,60608,17.39,25,REGIONAL PARK,Harrison,0,0,0,0,0,0,4,2,0,0,0,0,0,0,0,0,1,0,0,0,0,1,0,0,0,0,0,0,2,1,0,0,3,0,1,4,0,0,0,0,0,1,0,0,0,0,0,0,0,0,0,2,4,0,0,0,0,1,0,0,0,0,0,0,0,0,"1824 S WOOD ST60608
(41.85700763775876, -87.67112150533424)"
195,SAUGANASH,5861 N KOSTNER AVE,60646,4.65,39,COMMUNITY PARK,Sauganash,0,0,0,0,0,0,2,1,0,0,0,0,0,0,0,0,1,0,0,0,0,0,0,0,0,0,0,0,1,0,0,0,0,0,0,2,0,0,0,0,0,1,0,0,0,0,0,0,0,0,0,0,4,0,0,0,0,0,0,0,0,0,0,0,0,0,"5861 N KOSTNER AVE60646
(41.98744324895065, -87.7382253623636)"
23,MCKINLEY (WILLIAM),2210 W PERSHING RD,60609,69.28,12,REGIONAL PARK,McKinley,0,0,0,1,0,0,6,2,0,0,0,0,0,0,1,0,1,0,0,0,0,0,0,0,0,0,0,0,1,1,0,0,0,1,0,3,0,0,1,0,0,1,0,0,0,0,0,0,0,0,0,2,10,0,0,1,0,0,0,1,0,0,0,0,0,0,"2210 W PERSHING RD60609
(41.82310473796484, -87.68047137539776)"
293,UNITY,2636 N KIMBALL AVE,60647,1.36,35,NEIGHBORHOOD PARK,Unity,0,0,0,0,0,0,0,0,0,0,0,0,0,0,0,0,0,0,0,0,0,0,0,0,0,0,0,0,0,0,0,0,0,0,0,0,0,0,0,0,0,1,0,0,0,0,0,0,0,0,1,0,0,0,0,0,0,0,0,0,0,0,0,0,0,0,"2636 N KIMBALL AVE60647
(41.929394088702225, -87.7123016855532)"
159,RAVENSWOOD MANOR,4626 N MANOR AVE,60625,0.54,40,NEIGHBORHOOD PARK,Ravenswood Manor,0,0,0,0,0,0,0,0,0,0,0,0,0,0,0,0,0,0,0,0,0,0,0,0,0,0,0,0,0,0,0,0,0,0,0,0,0,0,0,0,0,1,0,0,0,0,0,0,0,0,0,0,0,0,0,0,0,0,0,0,0,0,0,0,0,0,"4626 N MANOR AVE60625
(41.96524311257207, -87.70015387901664)"
243,LINDBLOM (ROBERT),6054 S DAMEN AVE,60636,17.76,15,REGIONAL PARK,Lindblom,0,0,0,0,0,0,4,2,0,0,0,0,0,0,0,0,1,0,0,0,0,1,0,0,0,0,0,0,1,0,0,0,0,0,0,4,0,0,1,0,0,1,0,0,0,0,0,0,0,0,0,2,2,0,0,0,0,0,0,0,0,0,0,0,0,0,"6054 S DAMEN AVE60636
(41.78381354353519, -87.67409332386784)"
406,CLEMENTE (ROBERTO),2334 W DIVISION ST,60622,6.02,26,COMMUNITY PARK,Clemente,0,0,0,0,0,0,2,1,0,0,0,0,0,0,0,0,1,0,0,0,0,0,0,0,0,0,0,0,1,0,0,0,0,0,1,1,0,0,0,0,0,1,0,0,0,0,0,0,0,0,0,1,2,0,0,0,0,0,0,0,0,0,0,0,0,0,"2334 W DIVISION ST60622
(41.903093522060594, -87.68544083056503)"
1147,SACRAMENTO,3520 N SACRAMENTO AVE,60618,0.8,33,NEIGHBORHOOD PARK,Sacramento,0,0,0,0,0,0,2,1,0,0,0,0,0,0,0,0,0,0,0,0,0,0,0,0,0,0,0,0,0,0,0,0,0,0,0,1,0,0,0,0,0,1,0,0,0,0,0,0,0,0,0,0,0,0,0,0,0,0,0,0,0,0,0,0,0,0,"3520 N SACRAMENTO AVE60618
(41.94519566416695, -87.7029456993755)"
1118,LANGLEY,700 E 113TH ST,60628,0.99,9,NEIGHBORHOOD PARK,Langley,0,0,0,0,0,0,2,1,0,0,0,0,0,0,0,0,0,0,0,0,0,0,0,0,0,0,0,0,0,0,0,0,0,0,0,0,0,0,0,0,0,1,0,0,0,0,0,0,0,0,0,0,0,0,0,0,0,0,0,0,0,0,0,0,0,0,"700 E 113TH ST60628
(41.68923650444839, -87.60591794578804)"
1003,BEILFUSS (A.W.),1725 N SPRINGFIELD AVE,60647,0.78,31,NEIGHBORHOOD PARK,Beilfuss,0,0,0,0,0,0,0,0,0,0,0,0,0,0,0,0,0,0,0,0,0,0,0,0,0,0,0,0,0,0,0,0,0,0,0,1,0,0,0,0,0,1,0,0,0,0,0,0,0,0,0,0,0,0,0,0,0,0,0,0,0,0,0,0,0,0,"1725 N SPRINGFIELD AVE60647
(41.912213906210134, -87.7238787763433)"
1154,TILL-MOBLEY (MAMIE),6410 S ELLIS AVE,60637,0.43,20,MINI-PARK,Till-Mobley,0,0,0,0,0,0,4,2,0,0,0,0,0,0,0,0,0,0,0,0,0,0,0,0,0,0,0,0,0,0,0,0,0,0,0,0,0,0,0,0,0,1,0,0,0,0,0,0,0,0,0,0,0,0,0,0,0,0,0,0,0,0,0,0,0,0,"6410 S ELLIS AVE60637
(41.77845464035744, -87.60048195553527)"
362,BROOKS (GWENDOLYN),4542 S GREENWOOD AVE,60653,2.35,4,NEIGHBORHOOD PARK,Brooks (Gwendolyn),0,0,0,0,0,0,0,0,0,0,0,0,0,0,0,0,0,0,0,0,0,0,0,0,0,0,0,0,0,0,0,0,0,0,0,0,0,0,0,0,0,1,0,0,0,0,0,0,0,0,1,0,0,0,0,0,0,0,0,0,0,0,0,0,0,0,"4542 S GREENWOOD AVE60653
(41.81247736072954, -87.5993681671407)"
479,JONES (MARY RICHARDSON),1240 S PLYMOUTH CT,60616,1.13,1,NEIGHBORHOOD PARK,Jones,0,0,0,0,0,0,0,0,0,0,0,0,0,0,0,0,0,0,0,0,0,0,0,0,0,0,0,0,0,0,0,0,0,0,0,0,0,0,0,0,0,1,0,0,0,0,0,0,0,0,0,0,0,0,0,0,0,0,0,0,0,0,0,0,0,0,"1240 S PLYMOUTH CT60616
(41.845090000000084, -87.62737999999996)"
8,OGDEN (WILLIAM),6500 S RACINE AVE,60636,60.54,17,REGIONAL PARK,Ogden,0,0,0,0,0,0,8,4,0,0,0,0,0,0,0,0,4,0,0,0,0,1,0,0,0,0,0,0,1,0,0,0,0,0,0,7,0,0,1,0,0,3,0,0,0,0,0,0,0,0,0,2,4,1,0,1,0,1,0,0,1,0,0,0,0,0,"6500 S RACINE AVE60636
(41.77591669981747, -87.65446998072692)"
270,COLE (NAT KING),361 E 85TH ST,60619,4.68,6,NEIGHBORHOOD PARK,Cole,0,0,0,0,0,0,4,2,0,0,0,0,0,0,0,0,1,0,0,0,0,0,0,0,0,0,0,0,0,0,0,0,1,0,0,2,0,0,0,0,0,1,0,0,0,0,0,0,0,0,1,0,0,0,0,0,0,0,0,0,0,0,0,0,0,0,"361 E 85TH ST60619
(41.740074313971284, -87.61566011897241)"
204,GARFIELD (JAMES),100 N CENTRAL PARK DR,60624,184.72,28,CITYWIDE PARK,Garfield,0,0,0,1,0,0,6,3,0,0,0,0,0,0,1,0,3,0,1,0,0,1,0,0,1,0,0,0,1,0,0,0,0,0,0,9,0,0,1,0,0,3,0,0,0,0,0,0,0,0,2,2,6,0,0,0,0,0,0,1,0,0,0,0,0,0,"100 N CENTRAL PARK DR60624
(41.881547841953854, -87.71591721655672)"
371,VALLEY FORGE,7001 W 59TH ST,60638,7.74,23,COMMUNITY PARK,Valley Forge,0,0,0,0,0,0,4,1,0,0,0,0,0,0,0,0,1,0,0,0,0,1,0,0,0,0,0,0,1,0,0,0,2,0,0,2,0,0,0,0,0,1,0,0,0,0,0,0,0,0,0,0,2,0,2,0,0,0,0,0,0,0,0,0,0,0,"7001 W 59TH ST60638
(41.78474219649366, -87.79617301343369)"
82,JENSEN (CHRIST),4600 N LAWNDALE AVE,60625,2.55,39,NEIGHBORHOOD PARK,Jensen,0,0,0,0,0,0,2,1,0,0,0,0,0,0,0,0,1,0,0,0,0,0,0,0,0,0,0,0,1,0,0,0,0,0,0,1,0,0,0,0,0,1,0,0,0,0,0,0,0,0,1,0,0,0,0,0,0,0,0,0,0,0,0,0,0,0,"4600 N LAWNDALE AVE60625
(41.96472417266571, -87.7206627324626)"
208,ECKHART (BERNARD),1330 W CHICAGO AVE,60622,8.12,32,COMMUNITY PARK,Eckhart,0,0,0,0,0,0,2,1,0,0,0,0,0,0,0,0,1,1,0,0,0,1,0,0,0,0,0,0,1,0,0,0,0,0,1,2,0,0,0,0,0,1,0,0,0,0,0,0,0,0,1,1,0,0,0,0,0,1,0,0,0,0,0,0,0,0,"1330 W CHICAGO AVE60622
(41.90318000000002, -87.68408)"
210,UNION,1501 W RANDOLPH ST,60606,13.46,27,COMMUNITY PARK,Union,0,0,0,0,0,0,4,2,0,0,0,0,0,0,0,0,1,1,0,0,0,1,0,0,0,0,0,0,1,0,0,0,2,0,0,3,0,0,1,0,0,1,0,0,0,0,0,0,0,0,1,1,2,0,0,0,0,0,0,0,0,0,0,0,0,0,"1501 W RANDOLPH ST60606
(41.881730000000005, -87.63661000000002)"
2,MCGUANE (JOHN),2901 S POPLAR AVE,60608,10,11,COMMUNITY PARK,McGuane,0,0,0,0,0,0,4,1,0,0,0,0,3,0,0,0,1,0,0,0,0,1,0,0,0,0,0,0,1,0,0,0,3,0,1,3,0,0,0,0,0,1,0,0,0,0,0,0,0,0,1,1,5,0,0,0,0,0,0,0,0,0,0,0,0,0,"2901 S POPLAR AVE60608
(41.841367010525445, -87.64959693466687)"
1027,DEAN (JOHN),1356 N DEAN ST,60622,0.66,32,NEIGHBORHOOD PARK,Dean,0,0,0,0,0,0,0,0,0,0,0,0,0,0,0,0,0,1,0,0,0,0,0,0,0,0,0,0,0,0,0,0,0,0,0,0,0,0,0,0,0,1,0,0,0,0,0,0,0,0,1,0,0,0,0,0,0,0,0,0,0,0,0,0,0,0,"1356 N DEAN ST60622
(41.90715289496749, -87.67091902665061)"
219,HUMBOLDT (BARON VON),1400 N HUMBOLDT DR,60622,206.09,1,CITYWIDE PARK,Humboldt,0,0,0,1,0,0,8,3,1,0,0,0,0,0,1,0,0,0,0,0,0,1,0,0,2,0,0,0,1,0,0,0,0,0,0,16,0,0,1,0,0,4,0,0,1,0,0,0,0,0,2,1,8,0,0,0,1,0,1,1,0,0,0,0,0,0,"1400 N HUMBOLDT DR60622
(41.906693617480535, -87.7014131186496)"
256,MERRIMAC,6343 W IRVING PARK RD,60634,9.11,38,COMMUNITY PARK,Merrimac,0,0,0,0,0,0,0,0,0,0,0,0,0,0,0,0,0,0,0,0,0,0,0,0,0,0,0,0,1,0,0,0,0,0,0,3,0,0,0,0,0,1,0,0,0,0,0,0,0,0,1,0,0,0,0,0,0,0,0,0,0,0,0,0,0,0,"6343 W IRVING PARK RD60634
(41.95287297119249, -87.78515071066339)"
17,MANN (JAMES),3035 E 130TH ST,60633,20,10,REGIONAL PARK,Mann,0,0,0,0,0,0,0,0,0,0,0,0,0,0,0,0,1,0,0,0,0,1,0,0,0,0,0,0,1,0,0,0,0,0,1,6,0,0,0,0,0,1,0,0,0,0,0,0,0,0,1,1,4,0,0,0,0,0,0,0,0,0,0,0,0,0,"3035 E 130TH ST60633
(41.65913187664142, -87.54944580201155)"
472,GRANDPARENTS',5445 N CHESTER ST,60656,1.79,41,NEIGHBORHOOD PARK,Grandparents',0,0,0,0,0,0,0,0,0,0,0,0,0,0,0,0,0,0,0,0,0,0,0,0,0,0,0,0,0,0,0,0,0,0,0,0,0,0,0,0,0,1,0,0,0,0,0,0,0,0,0,0,0,0,0,0,0,0,0,0,0,0,0,0,0,0,"5445 N CHESTER ST60656
(41.97877262519412, -87.83896855207797)"
1255,BERGER (ALBERT),6227 N SHERIDAN RD,60660,3.18,49,NEIGHBORHOOD PARK,Berger,0,0,0,0,0,0,0,0,0,0,0,0,0,0,0,0,0,1,0,1,0,0,0,1,0,0,0,0,0,0,0,0,0,0,0,0,0,0,0,0,0,1,0,0,0,0,0,0,0,0,0,0,0,0,0,0,0,0,0,0,0,0,0,0,0,0,"6227 N SHERIDAN RD60660
(41.99503943484097, -87.65549002266863)"
186,RIVER,5100 N FRANCISCO AVE,60625,30,33,REGIONAL PARK,River,0,0,0,1,0,0,2,1,0,0,0,0,0,0,0,0,1,0,0,0,1,0,0,0,0,0,0,0,1,0,0,0,0,0,0,1,0,0,1,0,0,2,0,0,1,0,0,0,0,0,0,1,5,1,0,1,0,0,0,0,0,0,0,0,0,0,"5100 N FRANCISCO AVE60625
(41.97397703250807, -87.70134421855703)"
108,SEWARD (WILLIAM),375 W ELM ST,60610,8.64,27,COMMUNITY PARK,Seward,0,0,0,0,0,0,10,5,0,0,0,0,0,0,0,0,0,0,0,0,0,0,0,0,0,0,0,0,1,0,0,0,0,0,0,1,0,0,0,0,0,1,0,0,0,0,0,0,0,0,1,1,0,0,0,0,0,0,0,0,0,0,0,0,0,0,"375 W ELM ST60610
(41.902805456718056, -87.63727635293053)"
1060,MCKIERNAN (DAVID),10714 S SAWYER AVE,60655,1.82,19,NEIGHBORHOOD PARK,McKiernan,0,0,0,0,0,0,0,0,0,0,0,0,0,0,0,0,1,0,0,0,0,0,0,0,0,0,0,0,0,0,0,0,0,0,0,2,0,0,0,0,0,1,0,0,0,0,0,0,0,0,1,0,0,0,0,0,0,0,0,0,0,0,0,0,0,0,"10714 S SAWYER AVE60655
(41.69928548141372, -87.70235956062189)"
1119,THUIS (GRACE ZWIEFKA),4800 N LAVERGNE AVE,60630,0.3,45,MINI-PARK,Thuis,0,0,0,0,0,0,0,0,0,0,0,0,0,0,0,0,0,0,0,0,0,0,0,0,0,0,0,0,0,0,0,0,0,0,0,0,0,0,0,0,0,1,0,0,0,0,0,0,0,0,0,0,0,0,0,0,0,0,0,0,0,0,0,0,0,0,"4800 N LAVERGNE AVE60630
(41.96800484029402, -87.75265158089198)"
286,WENTWORTH (JOHN) GARDENS,3770 S WENTWORTH AVE,60609,2.53,11,COMMUNITY PARK,Wentworth (John) Gardens,0,0,0,0,0,0,2,1,0,0,0,0,0,0,0,0,1,0,0,0,0,0,0,0,0,0,0,0,1,0,0,0,0,0,0,1,0,0,1,0,0,1,0,0,0,0,0,0,0,0,0,0,0,0,0,0,0,0,0,0,0,0,0,0,0,0,"3770 S WENTWORTH AVE60609
(41.82603372296957, -87.63143277940938)"
107,LAKE SHORE,254 E CHICAGO AVE,60611,3.69,42,NEIGHBORHOOD PARK,Lake Shore,0,0,0,0,0,0,0,0,0,0,0,0,0,0,0,0,0,1,0,0,0,1,0,0,0,0,0,0,1,0,0,0,0,0,0,2,0,0,0,0,0,1,0,0,0,0,0,0,0,0,0,0,2,1,0,0,0,0,0,0,0,0,0,0,0,0,"254 E CHICAGO AVE60611
(41.89684863138387, -87.62118802533182)"
305,LE CLAIRE COURTS - HEARST COMM. CTR,5116 W 44TH ST,60638,12.33,12,COMMUNITY PARK,Le Claire Courts - Hearst Comm. Ctr,0,0,0,0,0,0,4,1,0,0,0,0,0,0,0,0,2,0,0,0,0,0,0,0,0,0,0,0,1,0,0,0,0,0,0,2,0,0,0,0,0,1,0,0,0,0,0,0,0,0,0,0,2,0,0,0,0,0,0,0,0,0,0,0,0,0,"5116 W 44TH ST60638
(41.81305484511148, -87.75137721322997)"
1080,WESOLEK (MARLENE),13407 S AVENUE M,60633,0.34,10,MINI-PARK,Wesolek,0,0,0,0,0,0,0,0,0,0,0,0,0,0,0,0,0,0,0,0,0,0,0,0,0,0,0,0,0,0,0,0,0,0,0,0,0,0,0,0,0,1,0,0,0,0,0,0,0,0,0,0,0,0,0,0,0,0,0,0,0,0,0,0,0,0,"13407 S AVENUE M60633
(41.651672686192434, -87.53736736304144)"
109,STANTON (EDWIN),640 W SCOTT ST,60610,6.51,42,COMMUNITY PARK,Stanton,0,0,0,0,0,0,6,3,0,0,0,0,0,0,0,0,1,0,0,0,0,0,0,0,0,0,0,0,1,0,0,0,0,0,0,1,0,0,0,0,0,1,0,0,0,0,0,0,0,0,1,1,0,0,0,0,0,0,0,0,0,0,0,0,0,0,"640 W SCOTT ST60610
(41.90509309756561, -87.64425300173957)"
145,WILSON (FRANK),4630 N MILWAUKEE AVE,60630,8.81,45,COMMUNITY PARK,Wilson (Frank),0,0,0,0,0,0,4,1,0,0,0,0,0,0,0,0,1,0,0,0,0,0,0,0,0,0,0,0,0,0,0,0,0,0,0,2,0,0,0,0,0,1,0,0,1,0,0,0,0,0,0,0,4,0,0,1,0,0,0,0,0,0,0,0,0,0,"4630 N MILWAUKEE AVE60630
(41.96471787044065, -87.75809563327728)"
1008,HERMITAGE,5839 S WOOD ST,60636,3.95,15,NEIGHBORHOOD PARK,Hermitage,0,0,0,0,0,0,2,1,0,0,0,0,0,0,0,0,1,0,0,0,0,0,0,0,0,0,0,0,0,0,0,0,0,0,0,1,0,0,0,0,0,1,0,0,0,0,0,0,0,0,1,0,0,0,1,0,0,0,0,0,0,0,0,0,0,0,"5839 S WOOD ST60636
(41.78782388465688, -87.66919966130989)"
1102,GLADYS (GUNDERSON),3307 W GLADYS AVE,60624,0.29,28,MINI-PARK,Gladys,0,0,0,0,0,0,2,1,0,0,0,0,0,0,0,0,0,0,0,0,0,0,0,0,0,0,0,0,0,0,0,0,0,0,0,0,0,0,0,0,0,1,0,0,0,0,0,0,0,0,1,0,0,0,0,0,0,0,0,0,0,0,0,0,0,0,"3307 W GLADYS AVE60624
(41.87615925641151, -87.7086798973381)"
146,CHOPIN (FREDERIC),3420 N LONG AVE,60641,8.29,38,COMMUNITY PARK,Chopin,0,0,0,0,0,0,4,1,0,0,0,0,0,0,0,0,1,0,0,0,0,0,0,0,0,0,0,0,0,0,0,0,4,0,0,3,0,0,0,0,0,1,0,0,1,0,0,0,0,0,1,1,4,0,0,0,0,0,0,0,0,0,0,0,0,0,"3420 N LONG AVE60641
(41.94266495937265, -87.76179260459307)"
267,DUNBAR (PAUL LAURENCE),200 E 31ST ST,60616,20.76,2,REGIONAL PARK,Dunbar,0,0,0,0,0,0,8,4,0,0,0,0,0,0,0,0,2,0,0,0,0,0,0,0,0,0,0,0,0,0,0,0,0,0,0,2,0,0,0,0,0,2,0,0,0,0,0,0,0,0,0,2,6,1,0,0,0,0,0,0,0,0,0,0,0,0,"200 E 31ST ST60616
(41.838433980091146, -87.62185872413626)"
61,BROOKS (OSCAR),7046 N HARLEM AVE,60631,8.79,41,COMMUNITY PARK,Brooks (Oscar),0,0,0,0,0,0,0,0,0,0,0,0,0,0,0,0,1,0,0,0,0,1,0,0,0,0,0,0,1,0,0,0,3,0,0,2,0,0,0,0,0,1,0,0,0,0,0,0,0,0,1,0,2,0,0,0,0,0,0,0,0,0,0,0,0,0,"7046 N HARLEM AVE60631
(42.00926431907137, -87.80674833549057)"
1054,NORMANDY,6660 W 52ND ST,60638,2.46,23,NEIGHBORHOOD PARK,Normandy,0,0,0,0,0,0,2,1,0,0,0,0,0,0,0,0,1,0,0,0,0,0,0,0,0,0,0,0,0,0,0,0,0,0,0,1,0,0,0,0,0,1,0,0,0,0,0,0,0,0,0,0,0,0,1,0,0,0,0,0,0,0,0,0,0,0,"6660 W 52ND ST60638
(41.7978126064176, -87.78856016543482)"
1204,AUSTIN (HENRY),5951 W LAKE ST,60644,5.48,29,COMMUNITY PARK,Austin,0,0,0,0,0,0,0,0,0,0,0,0,0,0,0,0,0,0,0,0,0,0,0,0,0,0,0,0,0,0,0,0,0,0,0,0,0,0,0,0,0,1,0,0,0,0,0,0,0,0,1,0,0,0,0,1,0,0,0,0,0,0,0,0,0,0,"5951 W LAKE ST60644
(41.88792967782139, -87.77347306103921)"
1113,JEFFERSON (THOMAS),1640 S JEFFERSON ST,60616,1.87,25,NEIGHBORHOOD PARK,Jefferson (Thomas),0,0,0,0,0,0,0,0,0,0,0,0,0,0,0,0,0,0,0,0,0,0,0,0,0,0,0,0,0,0,0,0,0,0,0,0,0,0,0,0,0,1,0,0,0,0,0,0,0,0,0,0,0,0,0,0,0,0,0,0,0,0,0,0,0,0,"1640 S JEFFERSON ST60616
(41.85877551362228, -87.64187900050172)"
1067,VETERANS' MEMORIAL,2820 E 98TH ST,60617,3.87,10,NEIGHBORHOOD PARK,Veterans' Memorial,0,0,0,0,0,0,0,0,0,0,0,0,1,0,0,0,1,0,0,0,0,0,0,0,0,0,0,0,0,0,0,0,0,0,0,4,0,0,0,0,0,1,0,0,0,0,0,0,0,1,1,0,0,0,0,0,0,0,0,0,0,0,0,0,0,0,"2820 E 98TH ST60617
(41.71733100831278, -87.55564215675622)"
393,WALSH (JOHN),1722 N ASHLAND AVE,60614,1.91,32,NEIGHBORHOOD PARK,Walsh,0,0,0,0,0,0,0,0,0,0,0,0,0,0,0,0,0,0,0,0,1,0,0,0,0,0,0,0,0,0,0,0,0,0,0,0,0,0,0,0,0,1,0,0,0,0,0,0,0,0,0,0,0,0,0,0,0,0,0,0,0,0,0,0,0,0,"1722 N ASHLAND AVE60614
(41.92230000000001, -87.65132999999997)"
1014,SHERWOOD (JESSE),5705 S SHIELDS AVE,60621,6.2,3,COMMUNITY PARK,Sherwood,0,0,0,0,0,0,2,1,0,0,0,0,0,0,0,0,1,0,0,0,0,1,0,0,0,0,0,0,1,0,0,0,0,0,0,2,0,0,0,0,0,1,0,0,1,0,0,0,0,0,1,0,0,0,0,0,0,0,0,0,0,0,0,0,0,0,"5705 S SHIELDS AVE60621
(41.776039999999966, -87.63983999999999)"
237,OWENS (JESSE),2100 E 88TH ST,60617,17.23,8,COMMUNITY PARK,Owens,0,0,0,0,0,0,2,1,0,0,0,0,0,0,0,0,1,0,0,0,0,0,0,0,0,0,0,0,1,0,0,0,0,0,0,3,0,0,0,0,0,1,0,0,0,0,0,0,0,0,1,1,6,0,0,0,0,0,0,0,0,0,0,0,0,0,"2100 E 88TH ST60617
(41.73529174772874, -87.5731838747965)"
1256,HOWARD (URE) BEACH,1300 W HOWARD ST,60626,0.89,49,NEIGHBORHOOD PARK,Howard Beach,0,0,0,0,0,0,0,0,1,0,0,0,0,0,0,0,0,0,0,0,0,0,0,0,0,0,0,0,0,0,0,0,0,0,0,0,0,0,0,0,0,1,0,0,0,0,0,0,0,0,0,0,0,0,0,0,0,0,0,0,0,0,0,0,0,0,"1300 W HOWARD ST60626
(42.01933233897205, -87.66405025628663)"
212,SHEDD (JOHN G.),3660 W 23RD ST,60623,1.13,22,COMMUNITY PARK,Shedd,0,0,0,0,0,0,3,1,0,0,0,0,0,0,0,0,0,0,0,0,0,0,0,0,0,0,0,0,1,0,0,0,0,0,0,0,0,0,0,0,0,1,0,0,0,0,0,0,0,0,1,0,0,0,0,0,0,0,0,0,0,0,0,0,0,0,"3660 W 23RD ST60623
(41.849875033450495, -87.71669788114704)"
203,HOLSTEIN,2200 N OAKLEY AVE,60647,2.74,32,COMMUNITY PARK,Holstein,0,0,0,0,0,0,0,0,0,0,0,0,0,0,0,0,0,0,0,0,0,0,0,0,0,0,0,0,2,0,0,0,0,0,0,0,0,0,1,0,0,1,0,0,0,0,0,0,0,0,1,1,0,0,0,0,0,0,0,0,0,0,0,0,0,0,"2200 N OAKLEY AVE60647
(41.92191056515937, -87.685561589187)"
1205,BARNARD (ERASTUS),10441 S LONGWOOD DR,60643,1.97,19,NEIGHBORHOOD PARK,Barnard,0,0,0,0,0,0,0,0,0,0,0,0,0,0,0,0,0,0,0,0,0,0,0,0,0,0,0,0,0,0,0,0,0,0,0,0,0,0,0,0,0,1,0,0,0,0,0,0,0,0,0,0,0,0,0,0,0,0,0,0,0,0,0,0,0,0,"10441 S LONGWOOD DR60643
(41.70401615267819, -87.67071877217369)"
1070,WASHTENAW,2521 S WASHTENAW AVE,60608,0.83,25,NEIGHBORHOOD PARK,Washtenaw,0,0,0,0,0,0,0,0,0,0,0,0,0,0,0,0,0,0,0,0,0,0,0,0,0,0,0,0,0,0,0,0,0,0,0,1,0,0,0,0,0,1,0,0,0,0,0,0,0,0,1,0,0,0,0,0,0,0,0,0,0,0,0,0,0,0,"2521 S WASHTENAW AVE60608
(41.84586200508689, -87.69275648329338)"
1045,MAPLEWOOD,1640 N MAPLEWOOD AVE,60647,1.11,26,NEIGHBORHOOD PARK,Maplewood,0,0,0,0,0,0,2,1,0,0,0,0,0,0,0,0,0,1,0,0,0,0,0,0,0,0,0,0,0,0,0,0,0,0,0,1,0,0,0,0,0,1,0,0,0,0,0,0,0,0,1,0,0,0,0,0,0,0,0,0,0,0,0,0,0,0,"1640 N MAPLEWOOD AVE60647
(41.911035639225574, -87.69098958587165)"
29,AVALON,1215 E 83RD ST,60619,27.84,8,REGIONAL PARK,Avalon,0,0,0,0,0,0,4,1,0,0,0,0,0,0,0,0,2,0,0,0,0,1,0,0,0,0,0,0,1,0,0,0,0,0,0,6,0,0,1,0,0,1,0,0,0,0,0,0,0,0,1,1,6,1,0,0,0,0,0,0,0,0,0,0,0,0,"1215 E 83RD ST60619
(41.74403864622289, -87.59470764780757)"
1024,BOSLEY (WILLIAM),3044 S BONFIELD ST,60608,1.94,11,NEIGHBORHOOD PARK,Bosley,0,0,0,0,0,0,2,1,0,0,0,0,0,0,0,0,1,0,0,0,0,0,0,0,0,0,0,0,0,0,0,0,3,0,0,1,0,0,0,0,0,1,0,0,0,0,0,0,0,0,1,0,0,0,0,0,0,0,0,0,0,0,0,0,0,0,"3044 S BONFIELD ST60608
(41.83926916304291, -87.65366844119069)"
120,KOSCIUSZKO (THADEUZ),2732 N AVERS AVE,60647,8.06,35,COMMUNITY PARK,Kosciuszko,0,0,0,1,0,0,2,1,0,0,0,0,0,0,0,0,1,0,0,0,0,0,0,0,0,0,0,0,1,0,0,0,0,0,1,4,0,0,0,0,0,1,0,0,0,0,0,0,0,0,1,0,1,0,0,0,0,0,0,0,0,0,0,0,0,0,"2732 N AVERS AVE60647
(41.93064292938927, -87.72331905919202)"
1020,ANDERSON (LOUIS),3748 S PRAIRIE AVE,60653,0.86,2,COMMUNITY PARK,Anderson,0,0,0,0,0,0,8,2,0,0,0,0,0,0,0,0,0,0,0,0,0,0,0,0,0,0,0,0,1,0,0,0,0,0,0,0,0,0,0,0,0,1,0,0,0,0,0,0,0,0,1,0,0,0,0,0,0,0,0,0,0,0,0,0,0,0,"3748 S PRAIRIE AVE60653
(41.826934302334955, -87.62050848158908)"
320,ROBICHAUX (JOSEPH),9247 S EGGLESTON AVE,60620,13.3,21,COMMUNITY PARK,Robichaux,0,0,0,0,0,0,8,2,0,0,0,0,0,0,0,0,0,0,0,0,0,0,0,0,0,0,0,0,1,0,0,0,0,0,0,2,0,0,0,0,0,1,0,0,0,0,0,0,0,0,1,0,2,0,0,0,0,0,0,0,0,0,0,0,0,0,"9247 S EGGLESTON AVE60620
(41.72618870310857, -87.63477018516284)"
1210,DIXON (LORRAINE),8931 S DAUPHIN AVE,60619,5.31,8,PASSIVE PARK,Dixon,0,0,0,0,0,0,0,0,0,0,0,0,0,0,0,0,0,0,0,0,0,0,0,0,0,0,0,0,0,0,0,0,0,0,0,0,0,0,0,0,0,1,0,0,0,0,0,0,0,0,0,0,0,0,0,0,0,0,0,0,0,0,0,0,0,0,"8931 S DAUPHIN AVE60619
(41.73244386404232, -87.60207299959605)"
147,PORTAGE,4100 N LONG AVE,60641,36.48,38,REGIONAL PARK,Portage,0,0,0,0,0,0,0,0,0,0,0,0,0,0,0,0,2,0,0,0,0,0,0,0,1,0,0,0,1,0,0,0,0,0,1,4,0,0,1,0,0,1,0,0,0,1,0,0,0,1,0,1,6,0,0,1,1,0,0,0,0,0,0,0,0,0,"4100 N LONG AVE60641
(41.95506808167233, -87.7621920751551)"
400,CLAREMONT,2342 W FLOURNOY ST,60612,0.98,27,NEIGHBORHOOD PARK,Claremont,0,0,0,0,0,0,0,0,0,0,0,0,0,0,0,0,0,0,0,0,0,0,0,0,0,0,0,0,0,0,0,0,0,0,0,0,0,0,0,0,0,1,0,0,0,0,0,0,0,0,0,0,0,0,0,0,0,0,0,0,0,0,0,0,0,0,"2342 W FLOURNOY ST60612
(41.87308397236991, -87.68506647949592)"
274,LEGION,3100 W BRYN MAWR AVE,60659,49.15,39,REGIONAL PARK,Legion,0,0,0,0,0,0,4,2,0,0,0,0,0,0,0,0,2,0,0,0,0,0,0,0,0,0,0,0,0,0,0,0,0,0,0,2,0,0,0,0,0,4,0,0,0,0,0,0,0,1,0,0,2,0,0,0,0,0,0,0,0,0,0,0,0,0,"3100 W BRYN MAWR AVE60659
(41.98314723555949, -87.70701937698654)"
339,BUCKTHORN,4347 S CALUMET AVE,60653,0.21,3,MINI-PARK,Buckthorn,0,0,0,0,0,0,2,1,0,0,0,0,0,0,0,0,0,0,0,0,0,0,0,0,0,0,0,0,0,0,0,0,0,0,0,0,0,0,0,0,0,1,0,0,0,0,0,0,0,0,0,0,0,0,0,0,0,0,0,0,0,0,0,0,0,0,"4347 S CALUMET AVE60653
(41.81576481654484, -87.61823525450735)"
551,PARK NO. 551,353 N DES PLAINES ST,60661,1.02,42,NEIGHBORHOOD PARK,Park No. 551,0,0,0,0,0,0,0,0,0,0,0,0,0,0,0,0,0,0,0,0,1,0,0,0,0,0,0,0,0,0,0,0,0,0,0,0,0,0,0,0,0,1,0,0,0,0,0,0,0,0,0,0,0,0,0,0,0,0,0,0,0,0,0,0,0,0,"353 N DES PLAINES ST60661
(41.887986664897596, -87.64419755533602)"
258,DUNHAM (ROBERT),4640 N MELVINA AVE,60630,14,38,COMMUNITY PARK,Dunham,0,0,0,0,0,0,0,0,0,0,0,0,0,0,0,0,0,0,0,0,0,1,0,0,0,0,0,0,1,0,0,0,0,0,0,5,0,0,0,0,0,1,0,0,0,0,0,0,0,0,1,1,2,0,0,0,0,0,0,0,0,0,0,0,0,0,"4640 N MELVINA AVE60630
(41.965486014732136, -87.78205497599659)"
15,GRAND CROSSING,7655 S INGLESIDE AVE,60619,18.9,6,REGIONAL PARK,Grand Crossing,0,0,0,0,0,0,4,1,0,0,0,0,0,0,0,0,1,0,0,0,0,1,0,0,0,0,0,0,2,0,0,0,0,0,0,3,0,0,1,0,0,1,0,0,0,0,0,0,0,0,1,1,6,1,0,0,0,0,0,0,0,0,0,0,0,0,"7655 S INGLESIDE AVE60619
(41.75576118612808, -87.60157757899319)"
1019,ADAMS (GEORGE & ADELE),1919 N SEMINARY AVE,60614,0.66,43,NEIGHBORHOOD PARK,Adams (George & Adele),0,0,0,0,0,0,0,0,0,0,0,0,0,0,0,0,0,0,0,0,0,0,0,0,0,0,0,0,0,0,0,0,0,0,0,0,0,0,0,0,0,1,0,0,0,0,0,0,0,0,0,0,0,0,0,1,0,0,0,0,0,0,0,0,0,0,"1919 N SEMINARY AVE60614
(41.91656504308353, -87.65524387525684)"
100,LINCOLN (ABRAHAM),200 W FULLERTON PKWY,60614,1212.15,0,MAGNET PARK,Lincoln,0,1,1,4,0,0,6,2,6,1,1,3,0,0,1,1,8,0,1,0,3,1,0,0,1,1,1,1,1,0,0,0,0,0,0,15,0,0,0,0,0,10,0,1,0,0,0,1,0,1,1,0,30,0,0,0,0,0,0,3,0,0,0,0,0,0,"200 W FULLERTON PKWY60614
(41.92230000000001, -87.65132999999997)"
263,LAKE MEADOWS,3113 S RHODES AVE,60616,10.11,2,COMMUNITY PARK,Lake Meadows,0,0,0,0,0,0,4,2,0,0,0,0,0,0,0,0,1,0,0,0,0,0,0,0,0,0,0,0,0,0,0,0,0,0,0,1,0,0,0,0,0,1,0,0,0,0,0,0,0,0,0,0,0,0,0,0,0,0,0,0,0,0,0,0,0,0,"3113 S RHODES AVE60616
(41.83814874007337, -87.61334446983203)"
278,"HOUSTON (JESSIE ""MA"")",5001 S COTTAGE GROVE AVE,60615,3.93,4,NEIGHBORHOOD PARK,Houston,0,0,0,0,0,0,4,2,0,0,0,0,0,0,0,0,0,0,0,0,0,0,0,0,0,0,0,0,0,0,0,0,0,0,0,0,0,0,0,0,0,1,0,0,0,0,0,0,0,0,0,0,0,0,0,0,0,0,0,0,0,0,0,0,0,0,"5001 S COTTAGE GROVE AVE60615
(41.804051738092696, -87.60636239949014)"
289,BROWN (SIDNEY) MEML.,644 E 86TH ST,60619,6.8,6,COMMUNITY PARK,Brown Memorial,0,0,0,0,0,0,4,1,0,0,0,0,0,0,0,0,0,0,0,0,0,0,0,0,0,0,0,0,0,0,0,0,0,0,0,2,0,0,0,0,0,1,0,0,0,0,0,0,0,0,1,0,2,0,0,0,0,0,0,0,0,0,0,0,0,0,"644 E 86TH ST60619
(41.738452014520156, -87.60920305068292)"
188,GREEN BRIAR,2650 W PETERSON AVE,60659,3.33,40,COMMUNITY PARK,Green Briar,0,0,0,0,0,0,2,1,0,0,0,0,0,0,0,0,0,0,0,0,0,0,0,0,0,0,0,0,1,0,0,0,0,0,0,2,0,0,0,0,0,1,0,0,0,0,0,0,0,0,1,0,1,0,0,0,0,0,0,0,0,0,0,0,0,0,"2650 W PETERSON AVE60659
(41.99052241279075, -87.69604639463594)"
515,PARK NO. 515,3517 W ARTHINGTON ST,60624,5.18,24,COMMUNITY PARK,Park No. 515,0,0,0,0,0,0,0,0,0,0,0,0,0,0,0,0,0,0,0,0,0,1,0,0,0,0,0,0,1,0,0,0,0,0,1,0,0,0,0,0,0,1,0,0,0,0,0,0,0,0,0,0,0,0,0,0,0,0,0,0,0,0,0,0,0,0,"3517 W ARTHINGTON ST60624
(41.86993378760654, -87.7120557108498)"
1225,HARRIS (RYAN) MEMORIAL,6701 S LOWE AVE,60621,2.72,0,NEIGHBORHOOD PARK,Harris (Ryan) Memorial,0,0,0,0,0,0,0,0,0,0,0,0,0,0,0,0,0,0,0,0,0,0,0,0,0,0,0,0,0,0,0,0,0,0,0,0,0,0,0,0,0,1,0,0,0,0,0,0,0,0,1,0,0,0,0,0,0,0,0,0,0,0,0,0,0,0,"6701 S LOWE AVE60621
(41.772477043983464, -87.64022134917452)"
11,CALUMET,9801 S AVENUE G,60617,198.98,10,CITYWIDE PARK,Calumet,0,0,0,1,0,0,4,1,2,0,0,90,0,0,0,0,4,0,0,0,0,1,0,0,0,0,0,0,1,1,0,0,1,0,0,8,0,0,0,0,0,1,0,0,0,0,0,0,0,0,0,3,16,1,0,0,0,0,0,0,0,0,0,0,0,0,"9801 S AVENUE G60617
(41.71779644508562, -87.53153189359543)"
287,COOPER (JACK),1332 W 117TH ST,60643,4.35,34,NEIGHBORHOOD PARK,Cooper,0,0,0,0,0,0,4,1,0,0,0,0,0,0,0,0,0,0,0,0,0,0,0,0,0,0,0,0,0,0,0,0,0,0,0,2,0,0,0,0,0,1,0,0,0,0,0,0,0,0,0,0,2,0,1,0,0,0,0,0,0,0,0,0,0,0,"1332 W 117TH ST60643
(41.68131211289568, -87.65549271225042)"
387,HOARD (EDISON),7221 S DOBSON AVE,60619,2.5,6,NEIGHBORHOOD PARK,Hoard,0,0,0,0,0,0,4,2,0,0,0,0,0,0,0,0,0,0,0,0,0,0,0,0,0,0,0,0,0,0,0,0,0,0,0,1,0,0,0,0,0,1,0,0,0,0,0,0,0,0,1,0,0,0,0,0,0,0,0,0,0,0,0,0,0,0,"7221 S DOBSON AVE60619
(41.76370369690935, -87.59934053704187)"
290,SOUTH LAKEVIEW,1300 W WOLFRAM ST,60657,0.68,44,NEIGHBORHOOD PARK,South Lakeview,0,0,0,0,0,0,4,1,0,0,0,0,0,0,0,0,0,0,0,0,0,0,0,0,0,0,0,0,0,0,0,0,0,0,0,0,0,0,0,0,0,1,0,0,0,0,0,0,0,0,0,0,0,0,0,0,0,0,0,0,0,0,0,0,0,0,"1300 W WOLFRAM ST60657
(41.93343782128256, -87.6614948892306)"
209,COLUMBUS (CHRISTOPHER),500 S CENTRAL AVE,60644,135.12,29,CITYWIDE PARK,Columbus,0,0,0,0,0,0,6,3,0,0,0,0,0,0,1,0,4,0,0,0,0,1,0,0,1,1,0,0,1,0,0,0,0,0,0,3,0,0,1,0,0,2,0,0,0,0,0,0,0,0,1,2,6,0,0,0,0,0,0,1,0,0,0,0,0,0,"500 S CENTRAL AVE60644
(41.87377153168896, -87.76470840188162)"
1017,TREBES,2250 N CLIFTON AVE,60614,1.57,43,COMMUNITY PARK,Trebes,0,0,0,0,0,0,1,1,0,0,0,0,0,0,0,0,0,1,0,0,0,0,0,0,0,0,0,0,1,0,0,0,0,0,0,1,0,0,0,0,0,1,0,0,0,0,0,0,0,0,0,0,0,0,0,0,0,0,0,0,0,0,0,0,0,0,"2250 N CLIFTON AVE60614
(41.9225691399609, -87.65720992483739)"
1006,COMMERCIAL CLUB PGD. of CHICAGO,1845 W RICE ST,60622,1.35,32,COMMUNITY PARK,Commercial Club Pgd. of Chicago,0,0,0,0,0,0,2,1,0,0,0,0,0,0,0,0,1,0,0,0,0,0,0,0,0,0,0,0,1,0,0,0,0,0,0,1,0,0,0,0,0,1,0,0,0,0,0,0,0,0,1,0,0,0,0,0,0,0,0,0,0,0,0,0,0,0,"1845 W RICE ST60622
(41.89684062830077, -87.6732900968898)"
273,LERNER (LEO),7000 N SACRAMENTO AVE,60645,8.39,50,COMMUNITY PARK,Lerner,0,0,0,0,0,0,0,2,0,0,0,0,0,0,0,0,0,0,0,0,0,0,0,0,0,0,0,0,0,0,0,0,0,0,0,0,0,0,0,0,0,1,0,0,0,0,0,0,0,0,0,0,2,0,0,0,0,0,0,0,0,0,0,0,0,0,"7000 N SACRAMENTO AVE60645
(42.00837893806736, -87.7045723032337)"
405,DEBOW (RUSSELL),1126 E 80TH ST,60619,0.55,8,NEIGHBORHOOD PARK,Debow,0,0,0,0,0,0,0,0,0,0,0,0,0,0,0,0,0,0,0,0,0,0,0,0,0,0,0,0,0,0,0,0,0,0,0,0,0,0,0,0,0,1,0,0,0,0,0,0,0,0,0,0,0,0,0,0,0,0,0,0,0,0,0,0,0,0,"1126 E 80TH ST60619
(41.74958541811261, -87.5962940973076)"
178,HURLEY (TIMOTHY),1901 W 100TH ST,60643,1.21,19,NEIGHBORHOOD PARK,Hurley,0,0,0,0,0,0,0,0,0,0,0,0,0,0,0,0,0,0,0,0,0,0,0,0,0,0,0,0,0,0,0,0,0,0,0,0,0,0,0,0,0,1,0,0,0,0,0,0,0,0,0,0,0,0,0,0,0,0,0,0,0,0,0,0,0,0,"1901 W 100TH ST60643
(41.71198599832957, -87.66892191011289)"
